X,Y,OBJECTID,FIRE_ID,ASMNT_TYPE,PRE_ID,POST_ID,NODATA_THRESHOLD,LOW_THRESHOLD,MODERATE_THRESHOLD,HIGH_THRESHOLD,LATITUDE,LONGITUDE,FIRE_TYPE,FIRE_NAME,GREENNESS_THRESHOLD,IG_DATE,ACRES
-100.712009834107,46.0340076050029,153,ND4603410071220031021,Initial (SS),NULL,70320282003300,-9999,-30,-210,-300,46.034,-100.712,Wildfire,24,-9999,2003/10/21 00:00:00+00,2119
-121.16701289488,37.0960050157541,166,CA3709612116720030616,Initial,50430342002197,50430342003200,-970,120,352,625,37.096,-121.167,Wildfire,152,-150,2003/06/16 00:00:00+00,1703
-121.328013528033,41.7430053925095,236,CA4174312132820030726,Initial,50440312002204,50440312003300,-970,75,260,9999,41.743,-121.328,Wildfire,ACKLEY,-150,2003/07/26 00:00:00+00,10231
-119.100012303516,34.4030048795003,242,CA3440311910020030903,Initial,50410362002263,50410362003300,-970,25,300,600,34.403,-119.1,Prescribed Fire,ADAMS CANYON PHASE 1,-150,2003/09/03 00:00:00+00,1233
-95.8070088786684,48.3530082904418,258,MN4835309580720030502,Initial,50290262001128,50290262003100,-970,80,9999,9999,48.353,-95.807,Wildfire,AGASSIZ,-150,2003/05/02 00:00:00+00,1431
-121.274013886486,43.9230055565634,312,OR4392312127420030723,Extended,50450292003198,50450292004200,-970,20,199,410,43.923,-121.274,Wildfire,18 FIRE,-150,2003/07/23 00:00:00+00,3971
-104.86001112579,47.2940073987481,391,MT4729410486020030827,Initial (SS),NULL,50350272003400,-9999,115,-9999,-9999,47.294,-104.86,Wildfire,3 MILE,-9999,2003/08/27 00:00:00+00,3394
-120.443013177259,40.3370053541351,470,CA4033712044320030702,Initial,70430322001234,50430322003200,-970,50,243,470,40.337,-120.443,Wildfire,A-3,-150,2003/07/02 00:00:00+00,1153
-120.519014278591,46.5180058052837,522,WA4651812051920030627,Initial,50450282002211,50450282003200,-970,50,297,570,46.518,-120.519,Wildfire,AHTANUM RIDGE,-150,2003/06/27 00:00:00+00,2496
-118.210012308061,36.118005116111,550,CA3611811821020030903,Extended,50410352003186,50410352004200,-970,90,257,470,36.118,-118.21,Wildfire,ALBANITA AND HOOKER,-150,2003/09/03 00:00:00+00,4946
-144.738026720956,65.5820023458388,551,AK6558214473820030617,Extended,70670142000176,50670142003200,-970,80,318,590,65.582,-144.738,Wildfire,ALBERT CREEK,-150,2003/06/17 00:00:00+00,1537
-117.13601327296,44.5160059934521,650,ID4451611713620030728,Initial,70420292002134,50420292004200,-970,60,250,9999,44.516,-117.136,Wildfire,ANDY,-150,2003/07/28 00:00:00+00,1085
-121.245012921992,37.2300050223432,660,CA3723012124520030827,Extended,50430342003232,50430342004200,-970,110,233,410,37.23,-121.245,Wildfire,ANNIE,-150,2003/08/27 00:00:00+00,17383
-113.819011613424,37.1500055178992,701,UT3715011381920030628,Initial,50390342003172,50390342003200,-970,60,198,380,37.15,-113.819,Wildfire,APEX,-150,2003/06/28 00:00:00+00,31000
-110.777010620724,32.4330050629736,730,AZ3243311077720030617,Extended,50360372001161,50360372004200,-970,150,350,600,32.433,-110.777,Wildfire,ASPEN,-150,2003/06/17 00:00:00+00,79707
-118.688012423951,36.4670051215464,749,CA3646711868820030625,Extended,50420352002206,50420352004200,-970,130,337,590,36.467,-118.688,Prescribed Fire,ATWOOD,-150,2003/06/25 00:00:00+00,2440
-121.771014076711,44.5110055483004,778,OR4451112177120030819,Extended,50450292001208,50450292004200,-970,72,473,882,44.511,-121.771,Wildfire,BB COMPLEX (BOOTH),-150,2003/08/19 00:00:00+00,91281
-102.65700988807,43.1490070808315,825,SD4314910265720030412,Initial (SS),NULL,50330302003100,-9999,135,-75,-9999,43.149,-102.657,Wildfire,BAD BOB,-9999,2003/04/12 00:00:00+00,1244
-120.088013250306,41.2530054598865,923,CA4125312008820030731,Initial,50440312002204,50440312003300,-970,65,280,524,41.253,-120.088,Wildfire,BARBER,-150,2003/07/31 00:00:00+00,1420
-113.235013088666,47.4500066182206,976,MT4745011323520030816,Extended,50400272002192,50400272004200,-970,100,385,700,47.45,-113.235,Wildfire,BARTLETT MOUNTAIN,-150,2003/08/16 00:00:00+00,27614
-118.439012282085,35.4300050290594,985,CA3543011843920030723,Extended,50410352003186,50410352004200,-970,180,237,370,35.43,-118.439,Wildfire,BASIN,-150,2003/07/23 00:00:00+00,1051
-94.473008482675,48.3140083896661,1035,MN4831409447320030617,Initial,50280262002220,50280262003200,-970,50,9999,9999,48.314,-94.473,Wildfire,BIG BOG,-150,2003/06/17 00:00:00+00,503
-114.692013105862,46.0980063600221,1054,ID4609811469220030820,Extended,50410282003202,50410282004200,-970,150,350,600,46.098,-114.692,Wildfire,BEAR,-150,2003/08/20 00:00:00+00,1971
-107.515010348243,37.5040059705247,1085,CO3750410751520030706,Extended,50350342003176,50350342004100,-970,20,242,490,37.504,-107.515,Wildland Fire Use,BEAR CREEK WFU,-150,2003/07/06 00:00:00+00,1866
-114.423013146496,46.56500642584,1163,ID4656511442320030808,Extended,50410282003202,50410282004200,-970,150,350,600,46.565,-114.423,Wildfire,BEAVER LAKE COMPLEX  (BEAVER LAKES),-150,2003/08/08 00:00:00+00,12566
-114.634013214253,46.6830064150246,1164,MT4668311463420030808,Extended,50410282003202,50410282004200,-970,150,404,700,46.683,-114.634,Wildfire,BEAVER LAKE COMPLEX  (HOPEFUL 2),-150,2003/08/08 00:00:00+00,3493
-114.86301324487,46.6100063861804,1165,ID4661011486320030809,Extended,50410282003202,50410282004200,-970,150,350,600,46.61,-114.863,Wildfire,BEAVER LAKE COMPLEX  (PLEASANT),-150,2003/08/09 00:00:00+00,4341
-114.446013203196,46.8130064441654,1166,MT4681311444620030809,Extended,50410282003202,50410282004200,-970,150,269,450,46.813,-114.446,Wildfire,BEAVER LAKE COMPLEX (NORTH HOWARD),-150,2003/08/09 00:00:00+00,3061
-116.244013280035,45.4410061546309,1228,ID4544111624420031003,Extended,70420282002198,50420282004200,-970,64,217,9999,45.441,-116.244,Wildfire,BERG 3,-150,2003/10/03 00:00:00+00,2492
-114.216013082664,46.4570064369035,1267,MT4645711421620030719,Extended,50410282002199,50410282004200,-970,200,395,650,46.457,-114.216,Wildfire,BIG CREEK,-150,2003/07/19 00:00:00+00,1337
-113.696013309151,48.0050066177154,1311,MT4800511369620030820,Extended,70410272002191,50410272004300,-970,150,393,680,48.005,-113.696,Wildfire,BLACKFOOT LAKE COMPLEX (BALL CREEK),-300,2003/08/20 00:00:00+00,7575
-114.017013447989,48.3150066091285,1312,MT4831511401720030819,Extended,70410262001188,70410262004200,-970,120,312,550,48.315,-114.017,Wildfire,BLACKFOOT LAKE COMPLEX (BETA LAKE),-150,2003/08/19 00:00:00+00,5463
-113.934013412379,48.2370066114041,1313,MT4823711393420030819,Extended,70410262001188,70410262004200,-970,95,368,671,48.237,-113.934,Wildfire,BLACKFOOT LAKE COMPLEX (BLACKFOOT LAKE),-150,2003/08/19 00:00:00+00,18274
-112.305012037078,42.8110062663349,1323,ID4281111230520030702,Initial,50390302003156,50390302003200,-970,160,354,600,42.811,-112.305,Wildfire,BLACKROCK,-150,2003/07/02 00:00:00+00,2204
-152.420025975588,64.817001057398,1358,AK6481715242020030622,Extended,70720152003123,70720152004200,-970,60,316,600,64.817,-152.42,Wildfire,BIG MUD,-150,2003/06/22 00:00:00+00,40430
-106.82601103237,44.0760068652832,1390,WY4407610682620030719,Extended,70350292002229,50350292004200,-970,105,293,525,44.076,-106.826,Wildfire,BIG SPRING,-150,2003/07/19 00:00:00+00,3322
-121.128014920948,48.7890058738407,1413,WA4878912112820030805,Extended,50460262003205,50460262004200,-970,180,410,690,48.789,-121.128,Wildland Fire Use,BIGBEAVER,-150,2003/08/05 00:00:00+00,1807
-121.335012970758,37.5510050452752,1449,CA3755112133520030601,Initial,50430342002197,50430342003200,-970,90,385,706,37.551,-121.335,Wildfire,BIRD,-150,2003/06/01 00:00:00+00,7650
-117.679014317694,48.8820062608002,1503,WA4888211767920030810,Extended,50440262003159,50440262004200,-970,65,264,500,48.882,-117.679,Wildfire,BLACK CANYON,-150,2003/08/10 00:00:00+00,2403
-95.5350088013752,48.3600083130216,1505,MN4836009553520030415,Initial,50290261998120,50290262003100,-970,15,9999,9999,48.36,-95.535,Wildfire,BLACK CAT,-150,2003/04/15 00:00:00+00,830
-113.803012832012,45.6190064039884,1511,MT4561911380320030712,Extended,50410282002199,50410282004200,-970,150,350,600,45.619,-113.803,Wildfire,BLACK FROG COMPLEX (BLACKWALL),-150,2003/07/12 00:00:00+00,5190
-113.999012880562,45.6630063893261,1512,ID4566311399920030722,Extended,50410282003202,50410282004200,-970,150,404,700,45.663,-113.999,Wildfire,BLACK FROG COMPLEX (FROG POND),-150,2003/07/22 00:00:00+00,2040
-141.638023913353,62.6210030200136,1515,AK6262114163820030716,Extended,70630162002169,70640162004200,-970,70,304,570,62.621,-141.638,Wildland Fire Use,BLACK HILL,-150,2003/07/16 00:00:00+00,41929
-114.18701315752,46.8460064728676,1529,MT4684611418720030808,Extended,70410272002191,50410272004200,-970,110,362,650,46.846,-114.187,Wildfire,BLACK MOUNTAIN 2,-150,2003/08/08 00:00:00+00,7405
-110.701011825367,43.6070064862214,1584,WY4360711070120030810,Initial,50380302003213,50380302003200,-970,150,325,9999,43.607,-110.701,Wildfire,BLACKTAIL,-150,2003/08/10 00:00:00+00,2642
-109.761011751217,44.3950066517827,1588,WY4439510976120030816,Extended,50370292001232,50370292004200,-970,80,351,650,44.395,-109.761,Wildfire,BLACKWATER,-150,2003/08/16 00:00:00+00,1470
-93.9390067820169,34.3610061709452,1607,AR3436109393920030401,Initial (SS),NULL,50250362003200,-9999,400,84,-66,34.361,-93.939,Wildfire,BLAYLOCK MOUNTAIN,-9999,2003/04/01 00:00:00+00,2342
-80.6720027086455,25.4280045624383,1626,FL2542808067220030402,Extended (SS),NULL,50150422003300,-9999,590,-9999,-9999,25.428,-80.672,Prescribed Fire,BLOCKD,-9999,2003/04/02 00:00:00+00,835
-80.6840027114346,25.4150045584822,1627,FL2541508068420030510,Extended (SS),NULL,50150422003300,-9999,580,160,-9999,25.415,-80.684,Prescribed Fire,BLOCKE,-9999,2003/05/10 00:00:00+00,1145
-80.659002703977,25.4100045575168,1628,FL2541008065920030510,Extended (SS),NULL,50150422003300,-9999,580,180,-9999,25.41,-80.659,Prescribed Fire,BLOCKG,-9999,2003/05/10 00:00:00+00,662
-106.817011669429,47.6120072537316,1668,MT4761210681720030702,Initial,50360272003167,50360272003200,-970,90,328,600,47.612,-106.817,Wildfire,BLUE PULASKI,-150,2003/07/02 00:00:00+00,1509
-107.973010103153,33.4160053456538,1721,NM3341610797320030428,Extended,70340372003097,50340372004100,-970,120,204,350,33.416,-107.973,Wildfire,BOILER,-150,2003/04/28 00:00:00+00,56796
-107.220010247489,37.1380059374617,1729,CO3713810722020030726,Extended,50340342003185,50340342004200,-970,90,263,480,37.138,-107.22,Wildfire,BOLT,-150,2003/07/26 00:00:00+00,2392
-106.960011366846,45.854007054976,1762,MT4585410696020030731,Extended,50360282003199,70360282004200,-970,50,225,500,45.854,-106.96,Wildfire,BOOTH,-150,2003/07/31 00:00:00+00,1843
-110.130010422584,31.3500049301596,1771,AZ3135011013020030413,Initial,50350382002141,50350382003200,-970,55,126,250,31.35,-110.13,Wildfire,BORDER,-150,2003/04/13 00:00:00+00,1367
-109.51701165468,44.1380066452624,1800,WY4413810951720030819,Extended,50370292000230,50370292004200,-970,90,274,500,44.138,-109.517,Wildfire,BOULDER BASIN II,-150,2003/08/19 00:00:00+00,10029
-118.911013883292,45.9840059332974,1825,OR4598411891120030629,Initial,70440282002164,50440282003200,-970,150,323,550,45.984,-118.911,Wildfire,BRADEN RANCH,-150,2003/06/29 00:00:00+00,2867
-117.173011956395,34.1760049631785,1905,CA3417611717320030905,Extended,50400362003195,50400362004200,-970,100,277,500,34.176,-117.173,Wildfire,BRIDGE,-150,2003/09/05 00:00:00+00,1181
-114.559013105642,46.2280063841911,1958,ID4622811455920030808,Extended,50410282003202,50410282004200,-970,150,350,600,46.228,-114.559,Wildfire,BRONC,-150,2003/08/08 00:00:00+00,1029
-105.771010940624,45.0380070657739,2131,MT4503810577120030813,Extended,50350292003224,50350292004200,-970,115,310,550,45.038,-105.771,Wildfire,BUFFALOCRK,-150,2003/08/13 00:00:00+00,3801
-96.4910076030373,36.4680064373283,2132,OK3646809649120030324,Initial (SS),NULL,50270352003100,-9999,-190,-9999,-9999,36.468,-96.491,Wildfire,BUFORD,-9999,2003/03/24 00:00:00+00,3580
-118.838013644591,44.85200585782,2160,OR4485211883820030905,Extended,50440292002204,50440292004200,-970,50,232,450,44.852,-118.838,Wildfire,BULL SPRINGS 2,-150,2003/09/05 00:00:00+00,1273
-110.729011078488,37.9320058191271,2164,UT3793211072920030708,Extended,70370342002163,50370342004200,-970,200,288,450,37.932,-110.729,Wildfire,BULLDOG,-150,2003/07/08 00:00:00+00,31578
-110.614012376025,46.7510068115963,2341,MT4675111061420030813,Extended,70390272002193,50390272004200,-970,190,365,600,46.751,-110.614,Wildfire,BURNT RIDGE COMPLEX (ANT PARK),-150,2003/08/13 00:00:00+00,1777
-105.83100982359,35.8710058335304,2388,NM3587110583120030623,Extended,70330352002151,50330352004200,-970,120,209,360,35.871,-105.831,Wildfire,CAPULIN,-150,2003/06/23 00:00:00+00,6155
-96.5680092191866,49.0090083106554,2397,MN4900909656820030410,Initial (SS),NULL,70300262003100,-9999,200,-9999,-9999,49.009,-96.568,Wildfire,CARIBOU,-9999,2003/04/10 00:00:00+00,16191
-118.66501230976,35.311005002072,2499,CA3531111866520030617,Initial,50410362002263,50410362003300,-970,50,300,9999,35.311,-118.665,Wildfire,CALIENTE,-150,2003/06/17 00:00:00+00,1246
-96.1640090950438,48.9680083383491,2574,MN4896809616420030329,Initial (SS),NULL,70300262003100,-9999,350,-9999,-9999,48.968,-96.164,Wildfire,CANADA,-9999,2003/03/29 00:00:00+00,7065
-123.91801370451,40.2590050630039,2592,CA4025912391820030930,Extended,50460322003189,50460322004200,-970,90,311,570,40.259,-123.918,Wildfire,CANOE,-150,2003/09/30 00:00:00+00,10883
-116.88001187467,33.8020049353522,2605,CA3380211688020030725,Extended,50400372001125,50400372004100,-970,150,256,425,33.802,-116.88,Wildfire,CANYON,-150,2003/07/25 00:00:00+00,4427
-115.210012854056,44.2210061471912,2626,ID4422111521020030811,Extended,70410292002191,50410292004200,-970,220,349,550,44.221,-115.21,Wildfire,CANYON CREEK,-150,2003/08/11 00:00:00+00,5442
-104.937009973332,39.4770064153045,2671,CO3947710493720031029,Extended,50330332003178,50330332004200,-970,100,250,450,39.477,-104.937,Wildfire,CHEROKEE RANCH,-150,2003/10/29 00:00:00+00,1118
-111.542011542783,40.450006067291,2695,UT4045011154220030923,Extended,50380322002258,50380322004200,-970,120,325,575,40.45,-111.542,Wildfire,CASCADE II,-150,2003/09/23 00:00:00+00,7943
-109.949011958107,45.3360067334254,2725,MT4533610994920030814,Extended,70380282002186,50380282005200,-970,110,281,500,45.336,-109.949,Wildfire,CATHEDRAL PEAK COMPLEX  (CATHEDRAL PEAK),-150,2003/08/14 00:00:00+00,1822
-114.800013117489,46.0490063456926,2750,ID4604911480020030821,Extended,50410282003202,50410282004200,-970,100,294,530,46.049,-114.8,Wildfire,CAYUSE LAKE COMPLEX (PETTIBONE CREEK),-150,2003/08/21 00:00:00+00,11784
-116.766011790681,32.9390048375901,2761,CA3293911676620031025,Extended,50400372001125,50400372004100,-970,100,197,350,32.939,-116.766,Wildfire,CEDAR,-150,2003/10/25 00:00:00+00,268362
-96.2420075339346,36.4160064412308,2799,OK3641609624220030401,Initial (SS),NULL,70270352003100,-9999,115,-9999,-9999,36.416,-96.242,Wildfire,CEDARCANYO,-9999,2003/04/01 00:00:00+00,2099
-115.168013491081,47.4690064241856,2896,MT4746911516820030807,Extended,70410272002191,50410272004300,-970,150,361,620,47.469,-115.168,Wildfire,CHERRY CREEK,-300,2003/08/07 00:00:00+00,3408
-111.445011492539,40.2090060468177,2897,UT4020911144520031025,Extended,50380322003261,50380322004200,-970,-40,201,455,40.209,-111.445,Wildfire,CHERRY CREEK 2,-150,2003/10/25 00:00:00+00,6443
-120.133013048314,39.7610053299752,2976,CA3976112013320030720,Initial,70430322001234,50430322003200,-970,45,203,400,39.761,-120.133,Wildfire,CHILCOOT COMPLEX,-150,2003/07/20 00:00:00+00,5763
-90.9950061603414,36.9290067946212,2980,MO3692909099520030323,Initial,70240342000099,70240342003100,-970,100,385,9999,36.929,-90.995,Prescribed Fire,CHILTON CR,-150,2003/03/23 00:00:00+00,914
-120.209012539865,35.0410048805693,2985,CA3504112020920030810,Extended,50420362003177,50420362004200,-970,50,178,350,35.041,-120.209,Wildfire,CHIMNEY,-150,2003/08/10 00:00:00+00,1275
-109.113010909801,39.4690061259467,3008,UT3946910911320030909,Extended,50360332002196,70360332004200,-970,50,167,330,39.469,-109.113,Prescribed Fire,CHIPETA,-150,2003/09/09 00:00:00+00,2708
-96.0100084211471,45.1460078475732,3011,MN4514609601020030412,Initial,70290292002107,50290292003100,-970,60,9999,9999,45.146,-96.01,Wildfire,CHIPPEWA PRAIRIE,-150,2003/04/12 00:00:00+00,2067
-122.547014103161,43.9920054387707,3111,OR4399212254720030713,Extended,50460292002202,50460292004200,-970,190,381,630,43.992,-122.547,Wildfire,CLARK,-150,2003/07/13 00:00:00+00,4905
-114.896013202684,46.3740063631335,3147,ID4637411489620030806,Extended,50410282003202,50410282004200,-970,150,350,600,46.374,-114.896,Wildfire,CLEAR-NEZ COMPLEX  (MCCONNELL NORTH),-150,2003/08/06 00:00:00+00,2599
-114.942013259489,46.6050063780697,3148,ID4660511494220030806,Extended,50410282003202,50410282004200,-970,150,350,600,46.605,-114.942,Wildfire,CLEAR-NEZ COMPLEX  (ROCK GARDEN),-150,2003/08/06 00:00:00+00,1169
-96.5470091294149,48.5570082569871,3166,MN4855709654720030430,Initial (SS),NULL,70300262003100,-9999,275,-9999,-9999,48.557,-96.547,Wildfire,CLIPPED WING,-9999,2003/04/30 00:00:00+00,1270
-113.828013046981,46.6710064933587,3170,MT4667111382820030809,Extended,70410272002191,50410272004200,-970,155,419,725,46.671,-113.828,Wildfire,COONEY RIDGE,-150,2003/08/09 00:00:00+00,25741
-118.531012385814,36.3470051196327,3171,CA3634711853120030801,Extended,50410352003186,50410352004200,-970,90,206,375,36.347,-118.531,Wildland Fire Use,COONEY WFU,-150,2003/08/01 00:00:00+00,1793
-96.0740089887856,48.5350082919774,3296,MN4853509607420030429,Initial (SS),NULL,70300262003100,-9999,100,-9999,-9999,48.535,-96.074,Wildfire,COMO,-9999,2003/04/29 00:00:00+00,920
-145.789028493118,67.1620020705358,3429,AK6716214578920030629,Extended,70700132002234,70700132004200,-970,150,366,630,67.162,-145.789,Wildfire,CORNUCOPIA CREEK,-150,2003/06/29 00:00:00+00,52461
-112.506011799479,40.8960060435426,3436,UT4089611250620030808,Initial,50380322002258,50380322003300,-970,50,9999,9999,40.896,-112.506,Wildfire,CORRAL,-150,2003/08/08 00:00:00+00,2070
-113.797013203419,47.4350065609556,3466,MT4743511379720030810,Extended,70410272002191,50410272004300,-970,120,371,660,47.435,-113.797,Wildfire,CRAZY HORSE,-150,2003/08/10 00:00:00+00,11423
-103.878010194768,43.1890069924095,3529,SD4318910387820030803,Initial,50330302003194,50330302003200,-970,65,500,9999,43.189,-103.878,Wildfire,COTTONWOOD CREEK,-150,2003/08/03 00:00:00+00,1676
-116.582011790735,33.3880049019265,3626,CA3338811658220030716,Extended,50400372001125,50400372004100,-970,150,242,400,33.388,-116.582,Wildfire,COYOTE,-150,2003/07/16 00:00:00+00,19215
-106.452011199067,45.5940070704569,3689,MT4559410645220030814,Extended,50360282003183,50360282004200,-970,130,383,675,45.594,-106.452,Wildfire,CRAIG II,-150,2003/08/14 00:00:00+00,9878
-114.593012935079,45.3240063030387,3691,ID4532411459320030720,Extended,70410282001220,50410282004200,-970,140,311,535,45.324,-114.593,Wildfire,CRAMER,-150,2003/07/20 00:00:00+00,1856
-109.332011742686,44.8990067425547,3725,WY4489910933220030716,Extended,50370292000230,50370292004200,-970,95,195,350,44.899,-109.332,Wildfire,DEEP LAKE,-150,2003/07/16 00:00:00+00,5698
-81.3050029083217,26.0730047134852,3731,FL2607308130520030324,Initial (SS),NULL,50160422003100,-9999,500,-9999,-9999,26.073,-81.305,Prescribed Fire,DEEPLAKE,-9999,2003/03/24 00:00:00+00,4675
-111.913011549212,39.9000059757877,3757,UT3990011191320030811,Initial,50380322002258,50380322003300,-970,30,214,430,39.9,-111.913,Wildfire,CROOKED,-150,2003/08/11 00:00:00+00,2146
-115.0600128686,44.4700061832317,3806,ID4447011506020030720,Extended,70410292002191,50410292004200,-970,220,257,380,44.47,-115.06,Wildfire,CRYSTAL CREEK,-150,2003/07/20 00:00:00+00,1303
-120.808014539648,47.4560058325718,3807,WA4745612080820030923,Extended,50450272002195,50450272004200,-970,140,333,575,47.456,-120.808,Wildfire,CRYSTAL CREEK,-150,2003/09/23 00:00:00+00,1464
-97.15200884977,45.8880078646919,3886,SD4588809715220030412,Initial,50300282002122,70300282003100,-970,120,9999,9999,45.888,-97.152,Wildfire,DANIELSON,-350,2003/04/12 00:00:00+00,1682
-121.794013913323,43.6040054847976,3908,OR4360412179420030628,Extended,70450302002267,50450302004200,-970,150,296,500,43.604,-121.794,Wildfire,DAVIS,-150,2003/06/28 00:00:00+00,20683
-112.521012330725,44.322006400413,3969,ID4432211252120030805,Extended,70390292002145,50390292004200,-970,150,215,350,44.322,-112.521,Wildfire,DEEP,-150,2003/08/05 00:00:00+00,38701
-121.402012968214,37.4320050297452,3985,CA3743212140220030720,Extended,50440342002188,50440342004200,-970,40,120,250,37.432,-121.402,Wildfire,DEL PUERTO,-150,2003/07/20 00:00:00+00,6441
-107.009010469888,39.66900629972,4045,CO3966910700920030711,Initial,50350322003192,50350322003200,-970,70,147,278,39.669,-107.009,Wildfire,DOTSERO CRATER,-150,2003/07/11 00:00:00+00,1322
-121.572013002037,37.4920050233502,4110,CA3749212157220030827,Extended,50430342003232,50430342004200,-970,120,252,440,37.492,-121.572,Wildfire,DEVIL,-150,2003/08/27 00:00:00+00,4975
-96.5290091369093,48.6260082671468,4124,MN4862609652920030424,Initial (SS),NULL,70300262003100,-9999,175,-9999,-9999,48.626,-96.529,Wildfire,DEVILS PLAYGROUND,-9999,2003/04/24 00:00:00+00,1879
-118.79401258633,37.8200052507483,4136,CA3782011879420030902,Extended,50420342003193,50420342004200,-970,50,205,400,37.82,-118.794,Wildland Fire Use,DEXTER WFU,-150,2003/09/02 00:00:00+00,2414
-108.421010229138,33.8320053861138,4213,NM3383210842120030712,Extended,50340372003121,50340372004100,-970,50,205,400,33.832,-108.421,Wildfire,DIVIDE,-150,2003/07/12 00:00:00+00,3182
-117.164011939481,33.9820049407497,4291,CA3398211716420030818,Extended,50400362003195,50400362004200,-970,120,250,9999,33.982,-117.164,Wildfire,LOCUST,-150,2003/08/18 00:00:00+00,1915
-103.231010384701,45.4460073267544,4311,SD4544610323120030827,Initial,50330282003226,50330282003300,-970,85,9999,9999,45.446,-103.231,Wildfire,MEAT HOOK,-150,2003/08/27 00:00:00+00,2522
-112.484012193816,43.5600063278924,4371,ID4356011248420030719,Initial,50390302003188,50390302003200,-970,50,250,9999,43.56,-112.484,Wildfire,INEEL,-150,2003/07/19 00:00:00+00,2775
-110.033010571767,33.8960053125702,4386,AZ3389611003320030713,Extended,50360362002132,50360362004100,-970,125,254,440,33.896,-110.033,Wildfire,KINISHBA,-150,2003/07/13 00:00:00+00,26205
-123.301013689414,40.7890051524171,4423,CA4078912330120030914,Extended,50450322002195,50450322004200,-970,85,339,625,40.789,-123.301,Wildfire,LOMA,-150,2003/09/14 00:00:00+00,3728
-110.781011109738,38.1210058400568,4443,UT3812111078120030530,Extended,70370342002163,50370342004200,-970,200,304,480,38.121,-110.781,Wildfire,LONESOME BEAVER,-150,2003/05/30 00:00:00+00,4551
-112.008012146364,43.8700064009237,4446,ID4387011200820030812,Initial,50390292003204,50390292003200,-970,110,280,9999,43.87,-112.008,Wildfire,MENAN,-150,2003/08/12 00:00:00+00,12332
-119.890014670337,48.6580060037785,4647,WA4865811989020030907,Extended,70450262000198,50450262004200,-970,209,393,640,48.658,-119.89,Wildfire,ISABEL,-150,2003/09/07 00:00:00+00,5753
-107.798011899683,47.5880071594505,4727,MT4758810779820030714,Initial,50370271998240,50370272003200,-970,50,218,425,47.588,-107.798,Wildfire,MICKEY BUTTE,-150,2003/07/14 00:00:00+00,3479
-120.985014358454,46.522005757051,4742,WA4652212098520030711,Extended,50450282002195,50450282004200,-970,150,296,500,46.522,-120.985,Wildfire,MIDDLE FORK,-150,2003/07/11 00:00:00+00,1483
-113.837013456459,48.5130066438009,4746,MT4851311383720030818,Extended,70410262001188,70410262004200,-970,80,351,650,48.513,-113.837,Wildfire,MIDDLE FORK COMPLEX (CENTER),-150,2003/08/18 00:00:00+00,5666
-114.756012846152,44.6760062299084,4748,ID4467611475620030810,Extended,70410292002191,50410292004200,-970,220,295,450,44.676,-114.756,Wildfire,MIDDLE FORK COMPLEX (FALCONBERRY),-150,2003/08/10 00:00:00+00,26625
-113.789013439014,48.4800066456876,4750,MT4848011378920030818,Extended,70410262001188,70410262004200,-970,85,353,650,48.48,-113.789,Wildfire,MIDDLE FORK COMPLEX (HARRISON),-150,2003/08/18 00:00:00+00,6653
-114.916012901606,44.8060062264701,4753,ID4480611491620030820,Extended,70410292002191,50410292004200,-970,220,295,450,44.806,-114.916,Wildfire,MIDDLE FORK COMPLEX (PROSPECT),-150,2003/08/20 00:00:00+00,5943
-114.613012796596,44.5550062325786,4754,ID4455511461320030824,Extended,70410292002191,50410292004200,-970,220,284,430,44.555,-114.613,Wildfire,MIDDLE FORK COMPLEX (RUSH),-150,2003/08/24 00:00:00+00,1475
-80.6840027195194,25.7480046437563,4815,FL2574808068420030524,Initial,70150422003044,50150422003300,-970,40,93,200,25.748,-80.684,Wildland Fire Use,L67,-150,2003/05/24 00:00:00+00,659
-113.066011349025,35.9290054160136,4951,AZ3592911306620030611,Extended,50380352003181,50380352004200,-970,25,100,9999,35.929,-113.066,Prescribed Fire,LAGUNARX,-150,2003/06/11 00:00:00+00,1293
-105.126010512681,43.3040069096148,4972,WY4330410512620030731,Initial,50340302003201,50340302003200,-970,10,198,415,43.304,-105.126,Wildfire,LAKE CREEK,-150,2003/07/31 00:00:00+00,1242
-122.453013295886,38.8310050712977,5020,CA3883112245320030903,Extended,50440332003143,50440332004100,-970,50,259,500,38.831,-122.453,Wildfire,MORGAN,-150,2003/09/03 00:00:00+00,2464
-111.328010931297,35.1020054105673,5025,AZ3510211132820030606,Initial,50360362002260,50360362003200,-970,20,302,600,35.102,-111.328,Wildfire,MORMON,-150,2003/06/06 00:00:00+00,2155
-110.33201179934,43.9360065532772,5047,WY4393611033220030817,Extended,50380292003213,50380292004200,-970,80,324,600,43.936,-110.332,Wildland Fire Use,MOSS RIDGE WFU,-150,2003/08/17 00:00:00+00,2947
-108.826012253301,48.1180071131543,5094,MT4811810882620031019,Initial (SS),NULL,50380272003400,-9999,-30,-9999,-9999,48.118,-108.826,Wildfire,LAKE17,-9999,2003/10/19 00:00:00+00,4054
-155.141014535107,19.3510034972423,5140,HI1935115514120030512,Extended (SS),NULL,70620472003300,-9999,250,0,-9999,19.351,-155.141,Wildfire,LUHI FIRE,-9999,2003/05/12 00:00:00+00,3479
-102.986010252148,45.0120072933612,5180,SD4501210298620030813,Initial,50330292002223,50330292003200,-970,50,9999,9999,45.012,-102.986,Wildfire,MILLER RANCH,-300,2003/08/13 00:00:00+00,1570
-116.982011877716,33.6010049059417,5320,CA3360111698220031026,Extended,50400372001125,50400372004100,-970,150,242,400,33.601,-116.982,Wildfire,MOUNTAIN,-150,2003/10/26 00:00:00+00,10630
-119.900012808956,38.146005202219,5325,CA3814611990020030720,Extended,50430342002197,50430342004200,-970,110,189,330,38.146,-119.9,Wildfire,MOUNTAIN COMPLEX,-150,2003/07/20 00:00:00+00,4033
-111.712012604278,46.6910067007056,5352,MT4669111171220030713,Extended,70390282002193,50390282004200,-970,140,265,450,46.691,-111.712,Wildfire,JIMTOWN,-150,2003/07/13 00:00:00+00,1108
-99.4740094855797,45.9130076887171,5359,SD4591309947420030823,Initial (SS),NULL,70310282003200,-9999,50,-9999,-9999,45.913,-99.474,Wildfire,JOEL BERTSCH 2,-9999,2003/08/23 00:00:00+00,1460
-119.944012851223,38.443005226851,5467,CA3844311994420030831,Extended,50430332003232,50430332004200,-970,85,272,500,38.443,-119.944,Wildland Fire Use,MUD WFU,-150,2003/08/31 00:00:00+00,4457
-99.1860080325409,32.8320056535219,5494,TX3283209918620030808,Initial,70280371999268,50280372003200,-970,125,450,9999,32.832,-99.186,Wildfire,JOHNSON RANCH,-150,2003/08/08 00:00:00+00,9696
-107.288011498178,46.1480070576619,5515,MT4614810728820030731,Initial,50360282003199,50360282003200,-970,90,206,375,46.148,-107.288,Wildfire,JONNY,-150,2003/07/31 00:00:00+00,7737
-109.085010334361,33.3530052808937,5588,AZ3335310908520030705,Extended,70350372002165,50350372004200,-970,110,227,400,33.353,-109.085,Wildfire,MAPLE,-150,2003/07/05 00:00:00+00,2761
-120.859014682206,48.0210058602876,5589,WA4802112085920030905,Extended,70460272001207,50450272004200,-970,160,475,650,48.021,-120.859,Wildfire,MAPLE,-150,2003/09/05 00:00:00+00,2420
-116.849011783173,32.6210047951835,5603,CA3262111684920031026,Extended,50400372001125,50400372004100,-970,150,242,400,32.621,-116.849,Wildfire,MINE/OTAY,-150,2003/10/26 00:00:00+00,37232
-121.111014830609,48.4450058569413,5608,WA4844512111120030815,Extended,50460262003205,50460262004200,-970,90,341,625,48.445,-121.111,Wildfire,MINERAL PARK,-150,2003/08/15 00:00:00+00,3010
-113.666013102753,47.0940065454566,5610,MT4709411366620030809,Extended,50400272002192,50400272004200,-970,100,358,650,47.094,-113.666,Wildfire,MINERAL-PRIMM (BOLES MEADOW),-150,2003/08/09 00:00:00+00,4291
-113.777013111035,47.0260065285373,5611,MT4702611377720030809,Extended,50400272002192,50400272004200,-970,120,339,600,47.026,-113.777,Wildfire,MINERAL-PRIMM (MINERAL AND PRIMM),-150,2003/08/09 00:00:00+00,20888
-121.522012981732,37.3870050174171,5651,CA3738712152220030827,Extended,50430342003232,50430342004200,-970,130,245,420,37.387,-121.522,Wildfire,JUMP,-150,2003/08/27 00:00:00+00,4817
-114.652011569129,35.0050052062095,5695,CA3500511465220030716,Initial,50390362003188,50390362003200,-970,75,9999,9999,35.005,-114.652,Wildfire,LIGHTNING,-150,2003/07/16 00:00:00+00,1141
-116.529013362895,45.5850061391458,5700,OR4558511652920030820,Initial,50420282002254,50420282003300,-970,80,275,510,45.585,-116.529,Wildfire,LIGHTNING COMPLEX (TWO CORRAL),-150,2003/08/20 00:00:00+00,10731
-118.853013954852,46.3720059664252,5785,WA4637211885320030806,Initial,70440282002164,50440282003200,-970,75,9999,9999,46.372,-118.853,Wildfire,JUNIPER DUNES,-150,2003/08/06 00:00:00+00,5447
-112.863012890813,46.8860066065451,5836,MT4688611286320030813,Extended,50400272002192,50400272004200,-970,120,371,660,46.886,-112.863,Wildfire,LINCOLN COMPLEX (MOOSE WASSON),-150,2003/08/13 00:00:00+00,1934
-112.61801288133,47.0900066482606,5837,MT4709011261820030813,Extended,50400272002192,50400272004200,-970,100,358,650,47.09,-112.618,Wildfire,LINCOLN COMPLEX (SNOWBANK),-150,2003/08/13 00:00:00+00,36987
-153.659021589179,59.0330012722237,5924,AK5903315365920030428,Initial,70700192001151,70700192003100,-970,95,9999,9999,59.033,-153.659,Wildfire,KAMISHAK BAY,-150,2003/04/28 00:00:00+00,1526
-118.746012435935,36.48700511981,5948,CA3648711874620030927,Extended,50420352003225,50420352004200,-970,160,310,520,36.487,-118.746,Wildfire,KAWEAH-KERN COMPLEX (PARADISE 2),-150,2003/09/27 00:00:00+00,1308
-118.413012364377,36.3350051261314,5949,CA3633511841320030824,Extended,50410352003186,50410352004200,-970,90,198,360,36.335,-118.413,Wildland Fire Use,KAWEAH-KERN COMPLEX (WEST KERN),-150,2003/08/24 00:00:00+00,7359
-121.782014052468,44.373005538186,5955,OR4437312178220030705,Extended,50450292001208,50450292004200,-970,78,528,980,44.373,-121.782,Wildfire,LINK,-150,2003/07/05 00:00:00+00,3460
-108.876010768029,38.6810060409534,6019,CO3868110887620030722,Extended,50360332003183,50360332004200,-970,80,178,330,38.681,-108.876,Wildfire,MAVERICK,-150,2003/07/22 00:00:00+00,1140
-109.139010328945,33.106005241408,6020,AZ3310610913920030705,Initial (SS),NULL,50350372003200,-9999,50,-5,-50,33.106,-109.139,Wildfire,MAVERICK,-9999,2003/07/05 00:00:00+00,1775
-107.642011847255,47.5140071669235,6034,MT4751410764220030719,Initial,50370271998240,50370272003200,-970,65,251,475,47.514,-107.642,Wildfire,MISSOURI BREAKS COMPLEX,-150,2003/07/19 00:00:00+00,137947
-118.695012449683,36.7090051462473,6057,CA3670911869520030728,Extended,50420342002206,50420342004200,-970,140,292,500,36.709,-118.695,Wildland Fire Use,KAWEAH-KERN COMPLEX (WILLIAMS),-150,2003/07/28 00:00:00+00,3530
-79.8560027247012,33.1740064494724,6112,SC3317407985620030129,Initial,70160372002064,70160372003100,-970,30,332,650,33.174,-79.856,Wildfire,LITTLE HELLHOLE,-150,2003/01/29 00:00:00+00,3724
-107.695011383617,44.9770068942052,6116,WY4497710769520030809,Extended,50360292003199,70360292004200,-970,70,342,640,44.977,-107.695,Wildfire,LITTLE HORN II,-150,2003/08/09 00:00:00+00,5754
-101.726008841789,35.5640060087965,6142,TX3556410172620030514,Initial (SS),NULL,50300352003100,-9999,-50,-300,-9999,35.564,-101.726,Prescribed Fire,MCBRIDE RX,-9999,2003/05/14 00:00:00+00,1701
-100.603009904144,46.6130076860313,6147,ND4661310060320030409,Initial (SS),NULL,50320282003100,-9999,-70,-9999,-9999,46.613,-100.603,Wildfire,MCCLEAN BOTTOMS,-9999,2003/04/09 00:00:00+00,6421
-106.111011209492,46.1040071568293,6158,MT4610410611120030812,Extended,50360282003167,50360282004200,-970,115,337,600,46.104,-106.111,Wildfire,MOON CREEK,-150,2003/08/12 00:00:00+00,3314
-112.677012103777,42.7470062277641,6164,ID4274711267720030710,Initial,50390302002217,50390302003200,-970,90,314,575,42.747,-112.677,Wildfire,MOONSHINE,-150,2003/07/10 00:00:00+00,2149
-95.5590088240214,48.4500083226717,6191,MN4845009555920030412,Initial,50290262003102,50290262003100,-970,-55,9999,9999,48.45,-95.559,Wildfire,MOOSE RIVER,-150,2003/04/12 00:00:00+00,1233
-122.17101393013,43.3610054326554,6195,OR4336112217120030727,Extended,70450302002267,50450302004200,-970,225,324,500,43.361,-122.171,Wildfire,KELSAY COMPLEX (KELSAY),-150,2003/07/27 00:00:00+00,1304
-158.384027178512,66.3659999001072,6219,AK6636615838420030618,Initial,70770132002235,70770132003200,-970,50,350,9999,66.366,-158.384,Wildland Fire Use,KERULU CREEK,-150,2003/06/18 00:00:00+00,41024
-118.724014321476,48.1010060967554,6281,WA4810111872420030718,Extended,70440272002196,50440272004200,-970,110,313,560,48.101,-118.724,Wildfire,MCGINNIS FLATS,-150,2003/07/18 00:00:00+00,2461
-116.128013426748,46.2820062342813,6301,ID4628211612820030814,Extended,70420282002198,50420282004200,-970,71,222,9999,46.282,-116.128,Wildfire,MILEPOST 59,-150,2003/08/14 00:00:00+00,6050
-119.867012791854,38.0510051958607,6339,CA3805111986720030729,Extended,50430342002197,50430342004200,-970,90,257,470,38.051,-119.867,Wildland Fire Use,KIBBIE COMPLEX,-150,2003/07/29 00:00:00+00,6644
-119.728012745324,37.8460051866517,6340,CA3784611972820030831,Extended,50430342002197,50430342004200,-970,110,281,500,37.846,-119.728,Wildland Fire Use,KIBBIE COMPLEX (TUOLUMNE),-150,2003/08/31 00:00:00+00,3361
-113.622012317579,42.8920061619093,6355,ID4289211362220030702,Initial (SS),NULL,50400302003200,-9999,-125,-9999,-9999,42.892,-113.622,Prescribed Fire,KIMAMA2,-9999,2003/07/02 00:00:00+00,5958
-113.318013139548,47.6000066226336,6371,MT4760011331820030718,Extended,50400272002192,50400272004200,-970,100,364,660,47.6,-113.318,Wildfire,LITTLE SALMON CREEK,-150,2003/07/18 00:00:00+00,33044
-113.470013156611,47.5320066018314,6372,MT4753211347020030819,Extended,50400272002192,50400272004200,-970,100,358,650,47.532,-113.47,Wildfire,LITTLE SALMON CREEK COMPLEX (GYP MOUNTAIN),-300,2003/08/19 00:00:00+00,3921
-113.343013077836,47.2930065940574,6373,MT4729311334320030812,Extended,50400272002192,50400272004200,-970,100,358,650,47.293,-113.343,Wildfire,LITTLE SALMON CREEK COMPLEX (LEOTA PEAK),-150,2003/08/12 00:00:00+00,1934
-113.328013187986,47.8080066388436,6374,MT4780811332820030806,Extended,50400272002192,50400272004200,-970,100,364,660,47.808,-113.328,Wildfire,LITTLE SALMON CREEK WILDLAND FIRE COMPLEX (MID),-150,2003/08/06 00:00:00+00,10052
-106.938011322805,45.6400070330041,6393,MT4564010693820030812,Initial,50360282002228,50360282003200,-970,30,197,400,45.64,-106.938,Wildfire,LITTLEHAWK,-150,2003/08/12 00:00:00+00,27926
-111.352010940469,35.1510054153627,6402,AZ3515111135220030607,Extended,50370362002171,50370362003300,-970,1,149,331,35.151,-111.352,Wildfire,LIZARD,-150,2003/06/07 00:00:00+00,5289
-96.5480091986679,48.9280083025504,6406,MN4892809654820030429,Initial (SS),NULL,70300262003100,-9999,175,-9999,-9999,48.928,-96.548,Wildfire,MCKINLEY,-9999,2003/04/29 00:00:00+00,2093
-96.5940092033706,48.8850082936764,6410,MN4888509659420030430,Initial (SS),NULL,70300262003100,-9999,175,-9999,-9999,48.885,-96.594,Wildfire,MCKINLEY 2,-9999,2003/04/30 00:00:00+00,1653
-81.0650028219971,25.3970045467632,6415,FL2539708106520030517,Extended (SS),NULL,50150422003300,-9999,640,-9999,-9999,25.397,-81.065,Wildfire,MCLAUGHLIN,-9999,2003/05/17 00:00:00+00,789
-108.436010516942,37.1750058666255,6453,CO3717510843620030715,Extended,70350342002229,50350342004100,-970,70,212,400,37.175,-108.436,Wildfire,MOCCASIN,-150,2003/07/15 00:00:00+00,2305
-143.475025203449,64.045002644397,6466,AK6404514347520030810,Extended,70650151999255,50660152004300,-970,120,339,600,64.045,-143.475,Wildfire,MOLLY CREEK,-150,2003/08/10 00:00:00+00,2248
-110.543010560946,32.2350050446642,6521,AZ3223511054320030617,Extended,50350382002141,50350382004100,-970,60,192,370,32.235,-110.543,Wildfire,HELENS 2,-150,2003/06/17 00:00:00+00,3437
-114.680013282736,46.965006433304,6589,MT4696511468020030809,Extended,70410272002191,50410272004200,-970,120,352,625,46.965,-114.68,Wildfire,FISH CREEK COMPLEX (FISH CREEK),-150,2003/08/09 00:00:00+00,3318
-114.674013265172,46.8860064278841,6590,MT4688611467420030810,Extended,50410272003202,50410272004300,-970,110,313,560,46.886,-114.674,Wildfire,FISH CREEK COMPLEX (THOMPSON CREEK),-150,2003/08/10 00:00:00+00,33779
-115.020013226414,46.3670063506779,6601,ID4636711502020030810,Extended,50410282003202,50410282004200,-970,150,350,600,46.367,-115.02,Wildfire,FISHLAKE,-150,2003/08/10 00:00:00+00,3657
-113.874012992395,46.357006461728,6632,MT4635711387420030808,Extended,50410282003202,50410282004200,-970,200,422,700,46.357,-113.874,Wildfire,GOLD 1,-150,2003/08/08 00:00:00+00,7569
-95.5880087482664,47.9690082591535,6683,MN4796909558820030408,Initial (SS),NULL,50290272003100,-9999,300,-9999,-9999,47.969,-95.588,Wildfire,HICKORY ONE,-9999,2003/04/08 00:00:00+00,6152
-108.43301018791,33.2250052936134,6697,NM3322510843320030531,Extended,50340372003121,50340372004100,-970,125,206,350,33.225,-108.433,Wildfire,DRY LAKE COMPLEX (DRY LAKES),-150,2003/05/31 00:00:00+00,113956
-113.059012639326,45.4140064555779,6807,MT4541411305920030718,Extended,50400282002192,50400282004200,-970,150,269,450,45.414,-113.059,Wildfire,HIDDEN LAKE,-150,2003/07/18 00:00:00+00,2619
-119.588012723863,37.8550051974229,6859,CA3785511958820030731,Extended,50420342003193,50420342004200,-970,90,239,435,37.855,-119.588,Wildland Fire Use,DUNCAN COMPLEX (WHISKEY),-150,2003/07/31 00:00:00+00,1107
-96.5620091854527,48.8350082902504,6900,MN4883509656220030426,Initial (SS),NULL,70300262003100,-9999,150,-9999,-9999,48.835,-96.562,Wildfire,FLUFFERS FIRE,-9999,2003/04/26 00:00:00+00,1755
-114.265012099468,40.5380058674979,6912,NV4053811426520030717,Extended,50400322003179,50400322004200,-970,60,263,500,40.538,-114.265,Wildfire,GOSHUTE PEAK,-150,2003/07/17 00:00:00+00,2647
-104.912010776155,45.2950071684293,6913,MT4529510491220030827,Initial,50340292003233,50340292003300,-970,75,300,9999,45.295,-104.912,Wildfire,GOSSELIN,-150,2003/08/27 00:00:00+00,1182
-113.969012449584,43.2820061708598,7035,ID4328211396920030810,Initial,50400302003211,50400302003200,-970,115,300,9999,43.282,-113.969,Wildfire,FOOTHILLS,-150,2003/08/10 00:00:00+00,1335
-117.473012009054,34.186004947258,7038,CA3418611747320031021,Extended,50400362003195,50400362004200,-970,100,315,570,34.186,-117.473,Wildfire,GRAND PRIX,-150,2003/10/21 00:00:00+00,50799
-118.910012314751,34.9020049434124,7069,CA3490211891020030720,Initial,50410362002263,50410362003300,-970,20,300,9999,34.902,-118.91,Wildfire,GRAPEVINE,-150,2003/07/20 00:00:00+00,1955
-124.134013722375,40.1610050376385,7099,CA4016112413420030904,Extended,50460322003189,50460322004200,-970,60,289,550,40.161,-124.134,Wildfire,HONEYDEW,-150,2003/09/04 00:00:00+00,13555
-107.085011438269,46.0860070687194,7137,MT4608610708520030731,Extended,50360282003199,50360282004300,-970,55,139,275,46.086,-107.085,Wildfire,EARL,-150,2003/07/31 00:00:00+00,1508
-120.96301283938,36.8770050101144,7228,CA3687712096320030630,Initial,50430342002197,50430342003200,-970,50,199,390,36.877,-120.963,Wildfire,I-5,-150,2003/06/30 00:00:00+00,1101
-110.238011871516,44.4870066197431,7267,WY4448711023820030811,Extended,50380292003213,70380292004200,-970,115,321,570,44.487,-110.238,Wildfire,EAST COMPLEX (EAST),-150,2003/08/11 00:00:00+00,18093
-110.181011854225,44.4560066212003,7268,WY4445611018120030802,Extended,50380292003213,70380292004200,-970,110,268,475,44.456,-110.181,Wildfire,EAST COMPLEX (GRIZZLY),-150,2003/08/02 00:00:00+00,3630
-122.282013279947,38.9160050913543,7288,CA3891612228220030903,Extended,70440332002276,70440332004300,-970,10,147,320,38.916,-122.282,Wildfire,FORTY,-150,2003/09/03 00:00:00+00,1311
-112.286011845962,41.551006133269,7330,UT4155111228620030814,Initial,50380312002226,50380312003200,-970,75,9999,9999,41.551,-112.286,Wildfire,GREASEWOOD KNOLLS,-150,2003/08/14 00:00:00+00,1542
-115.254012789423,43.802006105327,7368,ID4380211525420030719,Extended,50410302003202,50410302004200,-970,60,249,475,43.802,-115.254,Wildfire,HOT CREEK,-150,2003/07/19 00:00:00+00,27033
-116.738013576911,46.4410061858243,7402,ID4644111673820030818,Initial,70430282001218,50430282003200,-970,75,9999,9999,46.441,-116.738,Wildfire,EAST OF ARROW,-150,2003/08/18 00:00:00+00,1908
-110.764011773983,43.2000064373854,7417,WY4320011076420030712,Extended,50380302002210,50380302004200,-970,90,308,563,43.2,-110.764,Wildfire,EAST TABLE,-250,2003/07/12 00:00:00+00,3044
-105.431011466764,48.2820074517291,7480,MT4828210543120030816,Initial,70360262002236,50360262003200,-970,130,475,9999,48.282,-105.431,Wildfire,GREYBULL,-150,2003/08/16 00:00:00+00,6997
-96.6420076451702,36.5070064370894,7482,OK3650709664220030202,Initial (SS),NULL,50270352003100,-9999,-150,-9999,-9999,36.507,-96.642,Wildfire,GREYHORSE,-9999,2003/02/02 00:00:00+00,1255
-122.821013438611,39.504005096119,7497,CA3950412282120030903,Extended,50450332003182,50450332004200,-970,90,306,560,39.504,-122.821,Wildfire,GRINDSTONE COMPLEX (DEAFY),-150,2003/09/03 00:00:00+00,4903
-122.727013427244,39.5310051052772,7498,CA3953112272720030903,Extended,50450332003182,50450332004200,-970,80,297,550,39.531,-122.727,Wildfire,GRINDSTONE COMPLEX (HAPPY CAMP),-150,2003/09/03 00:00:00+00,2122
-154.913021993827,59.7860010188146,7652,AK5978615491320030523,Extended,70710182002225,70710182004200,-970,80,324,600,59.786,-154.913,Wildfire,ILIAMNA,-150,2003/05/23 00:00:00+00,5295
-115.134012690565,43.3560060753842,7810,ID4335611513420031022,Extended,50400302002176,50400302004200,-970,50,270,520,43.356,-115.134,Wildfire,HILL CITY BLUES 2,-150,2003/10/22 00:00:00+00,1523
-147.312028251668,66.9300018126192,7903,AK6693014731220030624,Initial,70700132002266,70700132003300,-970,185,444,750,66.93,-147.312,Wildland Fire Use,HADWEENZIC,-150,2003/06/24 00:00:00+00,177669
-116.369013188863,44.8380060928446,7917,ID4483811636920030809,Extended,50420292002190,50420292004200,-970,150,344,590,44.838,-116.369,Wildfire,HALL,-150,2003/08/09 00:00:00+00,1444
-108.45401060377,37.9970059779297,8046,CO3799710845420030719,Extended,50350342003176,50350342004100,-970,20,186,385,37.997,-108.454,Wildfire,HAMILTON,-150,2003/07/19 00:00:00+00,1848
-105.490009794489,36.4240059359722,8127,NM3642410549020030704,Initial,70330352002151,50330352003200,-970,40,180,360,36.424,-105.49,Wildfire,ENCEBADO,-150,2003/07/04 00:00:00+00,5141
-148.915026838244,65.6270016117587,8143,AK6562714891520030617,Extended,70700142000229,70710142004200,-970,130,334,585,65.627,-148.915,Wildfire,ERICKSON CREEK,-150,2003/06/17 00:00:00+00,119668
-112.149011980159,42.6520062627224,8211,ID4265211214920030721,Initial,50390302002185,50390302003200,-970,160,343,580,42.652,-112.149,Wildfire,HARKNESS,-150,2003/07/21 00:00:00+00,4028
-109.666011985007,45.8270068090766,8231,MT4582710966620030808,Extended,70380282002186,50380282005200,-970,140,292,500,45.827,-109.666,Wildfire,HOBBLE,-150,2003/08/08 00:00:00+00,38365
-111.871011684079,40.9970061046788,8436,UT4099711187120030710,Extended,50380322001143,50380322004200,-970,110,308,550,40.997,-111.871,Wildfire,FARMINGTON,-150,2003/07/10 00:00:00+00,2070
-92.9700066318068,35.9680065203504,8454,AR3596809297020030316,Initial,70250352002095,50250352003100,-970,80,108,200,35.968,-92.97,Prescribed Fire,GENE RUSH1,-150,2003/03/16 00:00:00+00,2435
-118.540014163426,47.5710060816093,8487,WA4757111854020030727,Extended,50440272002220,50440272003200,-970,80,390,9999,47.571,-118.54,Wildfire,HATTEN ROAD,-150,2003/07/27 00:00:00+00,7247
-118.294012182058,34.5640049428359,8488,CA3456411829420030724,Extended,70410362002111,50410362004100,-970,40,250,600,34.564,-118.294,Wildfire,HAUSER,-150,2003/07/24 00:00:00+00,2139
-120.169014765277,48.8370059834488,8551,WA4883712016920030630,Extended,50450262001208,50460262004200,-970,175,289,470,48.837,-120.169,Wildfire,FAWN PEAK COMPLEX (FAREWELL),-150,2003/06/30 00:00:00+00,77444
-92.6080077651857,47.3010083928891,8563,MN4730109260820030515,Initial,50270272003120,50270272003100,-970,50,9999,9999,47.301,-92.608,Wildfire,FEN,-150,2003/05/15 00:00:00+00,619
-113.533012302134,42.9060061715,8583,ID4290611353320030619,Initial,50400302003163,50400302003200,-970,55,244,470,42.906,-113.533,Wildfire,GERMAN 11,-150,2003/06/19 00:00:00+00,1025
-95.5480088078403,48.3740083138858,8592,MN4837409554820030412,Initial,50290261998120,50290262003100,-970,25,9999,9999,48.374,-95.548,Wildfire,GET A DOZER,-150,2003/04/12 00:00:00+00,622
-110.971012376805,46.3610067405982,8620,MT4636111097120030822,Initial,70390282002177,50390282003200,-970,250,550,9999,46.361,-110.971,Wildfire,HAY FIELD,-150,2003/08/22 00:00:00+00,1033
-102.374009817952,43.1520071026662,8680,SD4315210237420030811,Extended,50320302002248,50320302004200,-970,150,304,515,43.152,-102.374,Wildfire,HOLLOW HORN,-150,2003/08/11 00:00:00+00,1583
-112.055012053233,43.239006331884,8693,ID4323911205520030807,Initial,50390302003204,50390302003200,-970,100,321,580,43.239,-112.055,Wildfire,FESTIVAL,-150,2003/08/07 00:00:00+00,2805
-85.5000044994377,35.4000067324252,8722,TN3540008550020030512,Initial (SS),NULL,50200352003200,-9999,600,400,-9999,35.4,-85.5,Wildfire,FIRST FIRE,-9999,2003/05/12 00:00:00+00,640
-75.8130016096871,35.6870071335572,8723,NC3568707581320030512,Initial (SS),NULL,70140352003100,-9999,250,-125,-9999,35.687,-75.813,Wildfire,FIRST FIRE-CODE 1,-9999,2003/05/12 00:00:00+00,2319
-108.947010298693,33.2550052728555,8763,NM3325510894720030705,Extended,70350372002165,50350372004200,-970,35,145,300,33.255,-108.947,Wildfire,GOAT,-150,2003/07/05 00:00:00+00,1729
-113.672012646905,44.7710063390834,8826,ID4477111367220030712,Extended,50400292002192,50400292004200,-970,200,315,500,44.771,-113.672,Wildfire,TOBIAS,-150,2003/07/12 00:00:00+00,13356
-118.389014472534,48.9640061882624,8832,WA4896411838920030815,Extended,50440262003159,50440262004200,-970,65,237,450,48.964,-118.389,Wildfire,TOGO MOUNTAIN,-150,2003/08/15 00:00:00+00,5495
-145.14502549967,64.3020023447094,8839,AK6430214514520030614,Extended,70680152002204,70670152004200,-970,150,363,625,64.302,-145.145,Wildfire,SAND CREEK,-150,2003/06/14 00:00:00+00,49787
-109.086010218561,31.5500050061282,8880,AZ3155010908620030715,Initial,70340382002222,50340382003200,-970,100,250,450,31.55,-109.086,Wildfire,SKELETON,-150,2003/07/15 00:00:00+00,4845
-142.953024480252,63.2330027717855,8944,AK6323314295320030527,Extended,70640162001253,50660162004300,-970,140,325,560,63.233,-142.953,Wildfire,TOK RIVER,-150,2003/05/27 00:00:00+00,5570
-106.808009923258,34.4200055583898,9006,NM3442010680820030404,Initial,70330362002151,50340362003200,-970,80,200,370,34.42,-106.808,Wildfire,SANFRANCISCO,-150,2003/04/04 00:00:00+00,2292
-115.057013108202,45.7440062948402,9047,ID4574411505720030810,Extended,50410282003202,50410282004200,-970,150,350,600,45.744,-115.057,Wildfire,SLIMS COMPLEX (POET),-150,2003/08/10 00:00:00+00,2632
-115.268013201111,45.9990062958518,9048,ID4599911526820030715,Extended,50410282002199,50410282004200,-970,150,350,600,45.999,-115.268,Wildfire,SLIMS COMPLEX (SLIMS),-150,2003/07/15 00:00:00+00,12039
-115.289013110321,45.5190062531011,9125,ID4551911528920030820,Extended,50410282003202,50410282004200,-970,150,350,600,45.519,-115.289,Wildfire,SAPP (RICHARDSON),-150,2003/08/20 00:00:00+00,2426
-115.223013103066,45.5510062624503,9126,ID4555111522320030809,Extended,50410282003202,50410282004200,-970,150,350,600,45.551,-115.223,Wildfire,SAPP (SAPP),-150,2003/08/09 00:00:00+00,9758
-114.50901225709,41.332005930734,9149,NV4133211450920030718,Extended,70400312002168,70400312004200,-970,50,124,250,41.332,-114.509,Wildfire,SAVANNAH,-150,2003/07/18 00:00:00+00,1569
-120.004013156223,40.7000054211876,9193,CA4070012000420030721,Initial,70430322001234,50430322003200,-970,80,162,300,40.7,-120.004,Wildfire,SMOKE,-150,2003/07/21 00:00:00+00,7808
-115.846012446719,40.8730057761017,9299,NV4087311584620030717,Initial,70410322002191,50410322003200,-970,160,289,480,40.873,-115.846,Wildfire,SCHELL,-150,2003/07/17 00:00:00+00,1842
-118.135012305452,36.2150051315646,9341,CA3621511813520030827,Extended,50410352003186,50410352004200,-970,100,188,335,36.215,-118.135,Wildfire,SUMMIT COMPLEX,-150,2003/08/27 00:00:00+00,9356
-120.059014236055,46.6860058635166,9395,WA4668612005920030724,Initial (SS),NULL,50450282003200,-9999,-40,-180,-9999,46.686,-120.059,Wildfire,UMTANUM RIDGE,-9999,2003/07/24 00:00:00+00,34351
-106.176011171749,45.8110071190736,9506,MT4581110617620030813,Extended,70360282001265,50360282004300,-970,40,269,525,45.811,-106.176,Wildfire,SWAIN,-150,2003/08/13 00:00:00+00,7762
-94.0710065728468,29.7240052327564,9517,TX2972409407120031128,Initial,70250392003002,70250392003400,-970,60,9999,9999,29.724,-94.071,Wildfire,UNIT 8 WILDFIRE,-150,2003/11/28 00:00:00+00,9196
-93.0400063115077,29.9670053169951,9523,LA2996709304020030829,Initial,50240392001253,50240392003300,-970,220,5442,9999,29.967,-93.04,Wildfire,UNIT4-03-1,-150,2003/08/29 00:00:00+00,795
-80.6930028020104,28.6490053653564,9566,FL2864908069320030221,Initial,50160402002088,50160402003100,-970,115,364,650,28.649,-80.693,Prescribed Fire,SCRUB JAY 01,-150,2003/02/21 00:00:00+00,2232
-89.1090052973849,31.1060056904237,9576,MS3110608910920031029,Initial,50210382003302,50210382003300,-970,80,325,9999,31.106,-89.109,Wildfire,SEABEE,-150,2003/10/29 00:00:00+00,697
-107.819010049992,33.1250053080367,9583,NM3312510781920030620,Extended,50340372003121,50340372004100,-970,120,204,350,33.125,-107.819,Wildfire,SECO,-150,2003/06/20 00:00:00+00,6161
-146.148028919865,67.5090019856079,9678,AK6750914614820030722,Extended,70700132002266,70700132004200,-970,130,278,480,67.509,-146.148,Wildfire,TSOOKTUIHVUN LAKE,-150,2003/07/22 00:00:00+00,6172
-115.666013029212,44.7020061474767,9762,ID4470211566620030810,Extended,50420292002190,50420292004200,-970,150,296,500,44.702,-115.666,Wildfire,SOUTH FORK,-150,2003/08/10 00:00:00+00,6368
-158.93402672813,65.9889998379084,9808,AK6598915893420030618,Initial,70760142002212,70760142003200,-970,40,309,600,65.989,-158.934,Wildland Fire Use,TAG RIVER,-150,2003/06/18 00:00:00+00,3163
-80.9290027837997,25.4590045650392,9888,FL2545908092920030725,Initial (SS),NULL,50150422003300,-9999,640,-9999,-9999,25.459,-80.929,Wildland Fire Use,SHARK,-9999,2003/07/25 00:00:00+00,691
-81.4100030257019,29.0610054465626,9904,FL2906108141020030517,Initial (SS),NULL,70160402003100,-9999,540,240,-9999,29.061,-81.41,Wildfire,SOUTH MARSH 1,-9999,2003/05/17 00:00:00+00,2879
-114.910013184977,46.2710063534357,10013,ID4627111491020030720,Extended,50410282002199,50410282004200,-970,150,350,600,46.271,-114.91,Wildland Fire Use,SHASTA WFU,-150,2003/07/20 00:00:00+00,1967
-144.122029068511,67.6850023394183,10018,AK6768514412220030627,Extended,70700122000229,70690122003200,-970,175,413,700,67.685,-144.122,Wildland Fire Use,SHEENJEK,-150,2003/06/27 00:00:00+00,21768
-112.813011865293,40.9260060225365,10027,UT4092611281320030612,Initial,50390322003156,50390322003200,-970,120,177,300,40.926,-112.813,Wildfire,SHEEP,-150,2003/06/12 00:00:00+00,1495
-81.1250028503156,25.8530046612944,10048,FL2585308112520030127,Initial (SS),NULL,70150422003000,-9999,300,-9999,-9999,25.853,-81.125,Prescribed Fire,SOUTH41 RX,-9999,2003/01/27 00:00:00+00,3461
-122.828013456258,39.6340051049779,10077,CA3963412282820030928,Extended,50450322001144,50450322004200,-970,110,324,580,39.634,-122.828,Wildfire,SPANISH,-150,2003/09/28 00:00:00+00,6384
-108.751010260923,33.3030052900469,10370,NM3330310875120030711,Extended,70350372002165,50350372004200,-970,75,279,520,33.303,-108.751,Wildfire,SPRUCE,-150,2003/07/11 00:00:00+00,6498
-118.886012306478,34.8520049396746,10378,CA3485211888620030630,Initial,50410362001244,50410362003300,-970,105,300,9999,34.852,-118.886,Wildfire,TEJON,-150,2003/06/30 00:00:00+00,1195
-113.842013520652,48.7800066637532,10423,MT4878011384220030718,Extended,70410262000202,70410262004200,-970,130,315,550,48.78,-113.842,Wildfire,TRAPPER CREEK FIRE (TRAPPER CREEK),-150,2003/07/18 00:00:00+00,18028
-114.009013538956,48.7080066407705,10424,MT4870811400920030716,Extended,70420262002198,50420262004200,-970,120,382,680,48.708,-114.009,Wildfire,TRAPPER CREEK FIRE (WOLF GUN),-150,2003/07/16 00:00:00+00,13920
-119.465014062062,46.363005903567,10466,WA4636311946520030716,Initial,70440282002164,50440282003200,-970,100,9999,9999,46.363,-119.465,Wildfire,SHOOTING RANGE,-150,2003/07/16 00:00:00+00,1433
-121.084014633442,47.6570058145195,10496,WA4765712108420030808,Extended,50450272002195,50450272004200,-970,120,312,550,47.657,-121.084,Wildfire,SQUARE LAKE FIRE,-150,2003/08/08 00:00:00+00,1106
-80.6600027274159,26.3520047968724,10534,FL2635208066020030725,Extended (SS),NULL,50150422003300,-9999,480,-9999,-9999,26.352,-80.66,Wildfire,THE FRIDAY 2 FIRE,-9999,2003/07/25 00:00:00+00,2539
-96.6850092486261,48.9850082981563,10640,MN4898509668520030508,Initial (SS),NULL,70300262003100,-9999,210,-9999,-9999,48.985,-96.685,Wildfire,ST. JOSEPH,-9999,2003/05/08 00:00:00+00,515
-109.2230103853,33.6540053188292,10662,AZ3365410922320030606,Extended,70350372002165,50350372004200,-970,105,285,510,33.654,-109.223,Wildfire,THOMAS,-150,2003/06/06 00:00:00+00,10668
-94.2800066224716,29.6160052037432,10697,TX2961609428020031128,Initial,70250392003002,70250392003400,-970,50,9999,9999,29.616,-94.28,Wildfire,UNIT 12 WF,-150,2003/11/28 00:00:00+00,4239
-94.0500065657201,29.6940052271165,10721,TX2969409405020030819,Initial,50240392002256,50240392003300,-970,125,9999,9999,29.694,-94.05,Wildfire,UNIT 6 WF,-150,2003/08/19 00:00:00+00,4237
-108.739010264422,33.3900053034633,10731,NM3339010873920030713,Extended,70350372002165,50350372004200,-970,80,281,520,33.39,-108.739,Wildfire,SILVER,-150,2003/07/13 00:00:00+00,2281
-118.792012246602,34.3350048893877,10747,CA3433511879220031025,Extended,70410362002111,50410362004100,-970,50,250,9999,34.335,-118.792,Wildfire,SIMI,-150,2003/10/25 00:00:00+00,107756
-116.967011877374,33.6380049110166,10767,CA3363811696720030704,Initial,70400372001181,50400372003200,-970,90,355,650,33.638,-116.967,Wildfire,STAGE,-150,2003/07/04 00:00:00+00,2005
-107.319011489063,46.0590070449067,10794,MT4605910731920030731,Extended,50360282003199,50360282004300,-970,45,203,400,46.059,-107.319,Wildfire,STARK,-150,2003/07/31 00:00:00+00,1116
-120.869013493664,42.0010054521796,10919,OR4200112086920030517,Initial,50440312002204,50440312003200,-970,50,200,9999,42.001,-120.869,Prescribed Fire,STATELINE,-150,2003/05/17 00:00:00+00,2931
-109.284010394836,33.6130053094505,10936,AZ3361310928420030712,Extended,50350372001122,50350372004100,-970,160,284,470,33.613,-109.284,Wildfire,STEEPLE,-150,2003/07/12 00:00:00+00,5130
-114.260012507788,43.2860061456363,10974,ID4328611426020030810,Initial,50400302003163,50400302004200,-970,30,251,500,43.286,-114.26,Wildfire,TIMMERMAN,-150,2003/08/10 00:00:00+00,4090
-116.456014039577,48.7170063822212,11109,ID4871711645620030902,Extended,50430262003200,70430262004200,-970,50,313,600,48.717,-116.456,Wildfire,MYRTLE CREEK,-150,2003/09/02 00:00:00+00,3539
-108.796010271831,33.3270052910216,11118,NM3332710879620030714,Extended,70350372002165,50350372004200,-970,75,279,520,33.327,-108.796,Wildfire,NABOURS,-150,2003/07/14 00:00:00+00,1026
-118.873012236233,34.0440048532512,11130,CA3404411887320030106,Initial,50410362002023,70410362003000,-970,110,227,400,34.044,-118.873,Wildfire,PACIFIC,-150,2003/01/06 00:00:00+00,1073
-118.266014200053,47.9450061356681,11136,WA4794511826620030704,Initial,50440272002204,50440272003200,-970,60,260,9999,47.945,-118.266,Wildfire,PADDLE,-150,2003/07/04 00:00:00+00,1419
-117.689012045783,34.1730049336385,11145,CA3417311768920031025,Extended,50400362003195,50400362004200,-970,100,277,500,34.173,-117.689,Wildfire,PADUA,-150,2003/10/25 00:00:00+00,10577
-112.383011250317,36.3070055056014,11178,AZ3630711238320030615,Extended,70370352002179,50370352004200,-970,75,214,400,36.307,-112.383,Wildland Fire Use,POWELL,-150,2003/06/15 00:00:00+00,4241
-119.884012981008,39.5660053321887,11228,NV3956611988420030714,Extended,50430332002197,50430332004200,-970,70,105,9999,39.566,-119.884,Wildfire,ROBB,-150,2003/07/14 00:00:00+00,2311
-155.111014537118,19.321003497741,11288,HI1932115511120030102,Initial,70620472001143,70620472003100,-970,40,300,9999,19.321,-155.111,Wildfire,PANAU IKI,-150,2003/01/02 00:00:00+00,1926
-101.987009753606,43.3830071625784,11300,SD4338310198720030813,Initial,50320302002248,50320302004200,-970,87,140,250,43.383,-101.987,Wildfire,PAPA,-150,2003/08/13 00:00:00+00,4746
-84.7260043411005,36.496006987374,11306,TN3649608472620031025,Initial (SS),NULL,50200352003300,-9999,500,-9999,-9999,36.496,-84.726,Wildfire,POWERLINE,-9999,2003/10/25 00:00:00+00,544
-114.055013513116,48.5610066248045,11332,MT4856111405520030723,Extended,70410262002191,70410262004200,-970,110,335,600,48.561,-114.055,Wildfire,ROBERT,-150,2003/07/23 00:00:00+00,54500
-117.382011933256,33.414004862533,11346,CA3341411738220031021,Extended,50400372001125,50400372004100,-970,150,269,450,33.414,-117.382,Wildfire,ROBLAR 2,-150,2003/10/21 00:00:00+00,8068
-120.624014797518,48.6490059223588,11383,WA4864912062420030805,Extended,50460262003205,50460262004200,-970,175,305,500,48.649,-120.624,Wildfire,NEEDLES,-150,2003/08/05 00:00:00+00,19134
-116.916011836325,33.2040048624572,11406,CA3320411691620031026,Extended,50400372001125,50400372004100,-970,150,242,400,33.204,-116.916,Wildfire,PARADISE,-150,2003/10/26 00:00:00+00,55995
-112.594013221603,48.644006782521,11417,MT4864411259420031019,Initial (SS),NULL,70400262003300,-9999,50,-9999,-9999,48.644,-112.594,Wildfire,PARDUE,-9999,2003/10/19 00:00:00+00,4269
-120.468012616083,35.4160049018523,11431,CA3541612046820030720,Initial,70430352002205,50430352003200,-970,60,467,880,35.416,-120.468,Wildfire,PARKHILL,-150,2003/07/20 00:00:00+00,1258
-117.257011956155,33.9960049377778,11557,CA3399611725720031021,Extended,50400362003195,50400362004200,-970,120,177,300,33.996,-117.257,Wildfire,PASS,-150,2003/10/21 00:00:00+00,2456
-142.278029121716,67.806002664222,11560,AK6780614227820030629,Initial,70670122000224,50680122003200,-970,110,429,775,67.806,-142.278,Wildfire,PASS CREEK,-150,2003/06/29 00:00:00+00,3444
-96.3070075393105,36.264006410813,11590,OK3626409630720030401,Initial (SS),NULL,70270352003100,-9999,125,-9999,-9999,36.264,-96.307,Wildfire,PRUE,-9999,2003/04/01 00:00:00+00,2339
-83.0670039990764,38.7740075107322,11720,OH3877408306720030414,Initial,50190332002173,50190332003200,-970,100,304,550,38.774,-83.067,Wildfire,PEACH ORCHARD,-150,2003/04/14 00:00:00+00,1043
-109.864011759736,44.312006633852,11793,WY4431210986420030812,Extended,50370292001232,50370292004200,-970,110,241,425,44.312,-109.864,Wildfire,NORRIS,-150,2003/08/12 00:00:00+00,5284
-95.9370089037931,48.283008271589,11934,MN4828309593720030503,Initial (SS),NULL,50290262003200,-9999,275,-9999,-9999,48.283,-95.937,Wildfire,NORTH EAST WEIR FIRE,-9999,2003/05/03 00:00:00+00,3956
-115.265013033776,45.144006223434,11951,ID4514411526520030807,Extended,70410292002191,50410292004200,-970,220,317,490,45.144,-115.265,Wildfire,NORTH FORK LICK (MARBLE),-150,2003/08/07 00:00:00+00,6082
-115.811013132832,45.1080061685201,11952,ID4510811581120030730,Extended,50420292002190,50420292004200,-970,130,197,330,45.108,-115.811,Wildfire,NORTH FORK LICK (NORTH FORK LICK),-150,2003/07/30 00:00:00+00,2309
-95.5250087709038,48.2020082935266,12046,MN4820209552520030407,Initial,50290261994109,50290262003100,-970,35,9999,9999,48.202,-95.525,Prescribed Fire,RX212,-150,2003/04/07 00:00:00+00,642
-96.4380075941623,36.5380064528251,12127,OK3653809643820031029,Initial (SS),NULL,50270352003300,-9999,-100,-9999,-9999,36.538,-96.438,Wildfire,PHINNEY HL,-9999,2003/10/29 00:00:00+00,1249
-111.477010790008,32.8550050900937,12132,AZ3285511147720030614,Initial,70360372000167,50360372003200,-970,80,265,490,32.855,-111.477,Wildfire,PICACHO RESERVOIR,-150,2003/06/14 00:00:00+00,1435
-113.590013376742,48.3940066598868,12161,MT4839411359020030819,Extended,70410262001188,70410262004200,-970,105,363,655,48.394,-113.59,Wildfire,RAMPAGE COMPLEX (DOUBLE MOUNTAIN 2),-150,2003/08/19 00:00:00+00,23680
-114.696012942699,45.259006287581,12215,ID4525911469620030805,Extended,50410282003202,50410282004200,-970,50,375,9999,45.259,-114.696,Wildfire,NORTH STODDARD,-150,2003/08/05 00:00:00+00,1576
-111.117010798862,33.9730052667498,12248,AZ3397311111720030617,Extended,50360362003119,50360362004100,-970,60,155,300,33.973,-111.117,Wildfire,PICTURE,-150,2003/06/17 00:00:00+00,13535
-115.051012575903,42.7490060252886,12269,ID4274911505120030703,Initial,50410302003154,50410302003200,-970,35,250,9999,42.749,-115.051,Wildfire,PILGRIM,-150,2003/07/03 00:00:00+00,1888
-115.106013190408,46.1080063206118,12284,ID4610811510620030624,Extended,50410282002199,50410282004200,-970,150,350,600,46.108,-115.106,Wildfire,PINCHOT,-150,2003/06/24 00:00:00+00,2323
-111.080012128902,44.912006588476,12314,MT4491211108020030820,Extended,50380292003213,50380292004200,-970,105,333,600,44.912,-111.08,Wildfire,RATHBONE,-150,2003/08/20 00:00:00+00,2701
-100.275008410068,34.5080059037299,12321,TX3450810027520030929,Initial (SS),NULL,50290362003300,-9999,-150,-9999,-9999,34.508,-100.275,Wildfire,ROCKING CHAIR,-9999,2003/09/29 00:00:00+00,1262
-95.8080088706662,48.3030082844308,12366,MN4830309580820030507,Initial (SS),NULL,50290262003100,-9999,20,-9999,-9999,48.303,-95.808,Wildfire,NOZZLE,-9999,2003/05/07 00:00:00+00,506
-113.449011440889,36.1160054158513,12427,AZ3611611344920030913,Extended,50380352003181,50380352004200,-970,50,191,375,36.116,-113.449,Prescribed Fire,PINE V EST,-150,2003/09/13 00:00:00+00,1293
-118.400014209339,47.88000611711,12446,WA4788011840020030704,Initial,50440272002220,50440272003200,-970,75,349,650,47.88,-118.4,Wildfire,RATTLESNAKE CANYON,-150,2003/07/04 00:00:00+00,10655
-121.507013550023,41.7000053733962,12468,CA4170012150720030506,Initial,50440312001281,50440312003300,-970,100,237,425,41.7,-121.507,Prescribed Fire,S.BOUNDARY,-150,2003/05/06 00:00:00+00,1431
-115.032013193271,46.1930063348983,12493,ID4619311503220030808,Extended,50410282003202,50410282004200,-970,150,350,600,46.193,-115.032,Wildland Fire Use,SADDLE FORK WFU,-150,2003/08/08 00:00:00+00,1368
-120.416014208987,46.2770058003359,12510,WA4627712041620030606,Initial,50450282002211,50450282003200,-970,50,97,200,46.277,-120.416,Wildfire,OAK SPRINGS,-150,2003/06/06 00:00:00+00,1700
-159.289028987109,67.9959995976026,12663,AK6799615928920030624,Initial,70800122002208,70790122003200,-970,50,321,615,67.996,-159.289,Wildland Fire Use,OKOKLIK LAKE,-150,2003/06/24 00:00:00+00,1102
-117.284011981745,34.2470049647743,12673,CA3424711728420031025,Extended,50400362003195,50400362004200,-970,100,304,550,34.247,-117.284,Wildfire,OLD,-150,2003/10/25 00:00:00+00,90180
-118.861012270275,34.4800049012247,12690,CA3448011886120031023,Extended,70410362003130,50410362004100,-970,155,284,475,34.48,-118.861,Wildfire,PIRU,-150,2003/10/23 00:00:00+00,63920
-116.438012845125,42.7870059079308,12708,ID4278711643820030910,Initial,70410302000282,50410302003300,-970,120,440,9999,42.787,-116.438,Unknown,PIXLEY BASIN,-150,2003/09/10 00:00:00+00,3270
-104.048010301354,43.6320070358149,12738,SD4363210404820030721,Extended,50340302003185,50340302004200,-970,90,276,505,43.632,-104.048,Wildfire,RED POINT,-150,2003/07/21 00:00:00+00,18057
-110.636010537197,31.5430049377717,12743,AZ3154311063620030515,Initial,50350382002141,50350382003200,-970,60,128,250,31.543,-110.636,Wildfire,RED ROCK,-150,2003/05/15 00:00:00+00,3001
-117.352013103076,43.3310058744533,12777,OR4333111735220030820,Initial,50420302003193,50420302003300,-970,70,185,350,43.331,-117.352,Wildfire,ROOSTER COMB,-150,2003/08/20 00:00:00+00,3837
-97.2970089785432,46.4490079287908,12811,ND4644909729720030324,Initial,50300282002122,70300282003100,-970,50,9999,9999,46.449,-97.297,Wildfire,OLERUD,-150,2003/03/24 00:00:00+00,1275
-101.734008847841,35.6140060170383,12838,TX3561410173420030312,Initial (SS),NULL,50300352003100,-9999,-35,-187,-270,35.614,-101.734,Prescribed Fire,PLUM CK RX,-9999,2003/03/12 00:00:00+00,2411
-95.4440087183905,48.0380082787869,12895,MN4803809544420030409,Initial (SS),NULL,50290272003100,-9999,170,-9999,-9999,48.038,-95.444,Wildfire,REINER 36,-9999,2003/04/09 00:00:00+00,67641
-113.60101352767,49.0210067079761,12997,MT4902111360120031019,Extended,70410262001188,70410262004200,-970,110,357,640,49.021,-113.601,Wildfire,POLL HAVEN,-150,2003/10/19 00:00:00+00,4495
-149.310025498287,64.2400016326087,13028,AK6424014931020030526,Initial,50690151999195,50690152003200,-970,75,327,610,64.24,-149.31,Wildfire,REX BRIDGE,-150,2003/05/26 00:00:00+00,1401
-106.378011194743,45.6660070850071,13036,MT4566610637820030813,Initial,50360282003215,50360282003200,-970,55,225,350,45.666,-106.378,Wildfire,REZ CREEK,-150,2003/08/13 00:00:00+00,1178
-112.201011214603,36.3110055177983,13141,AZ3631111220120030930,Extended,70370352002179,50370352004200,-970,75,268,500,36.311,-112.201,Wildland Fire Use,POPLAR,-150,2003/09/30 00:00:00+00,16914
-94.9680069955799,33.4300059467141,13146,TX3343009496820030201,Initial (SS),NULL,70260372003000,-9999,140,-50,-9999,33.43,-94.968,Wildfire,POPS,-9999,2003/02/01 00:00:00+00,4475
-144.66002587458,64.7240024057664,13152,AK6472414466020030614,Initial,70680151999212,50680152003200,-970,120,355,630,64.724,-144.66,Wildfire,PORCUPINE,-150,2003/06/14 00:00:00+00,1162
-96.367008730049,46.5240080098674,13204,MN4652409636720031007,Initial (SS),NULL,70290282003300,-9999,100,-9999,-9999,46.524,-96.367,Wildfire,ROTHSAY,-9999,2003/10/07 00:00:00+00,3015
-110.439012024684,45.108006665581,13214,MT4510811043920030816,Extended,50380292003213,70380292004200,-970,90,303,555,45.108,-110.439,Wildfire,ROUGH DRAW COMPLEX (BRUNDAGE),-150,2003/08/16 00:00:00+00,2763
-110.404012101739,45.5740067164234,13215,MT4557411040420030809,Extended,70380282002186,50380282005200,-970,125,327,575,45.574,-110.404,Wildfire,ROUGH DRAW COMPLEX (ROUGH DRAW),-150,2003/08/09 00:00:00+00,1341
-110.391012177021,45.9890067586517,13216,MT4598911039120030812,Extended,70380282002186,50380282005200,-970,150,363,625,45.989,-110.391,Wildfire,ROUGH DRAW COMPLEX (SLIPPERY ROCK),-150,2003/08/12 00:00:00+00,1106
-105.351010145014,40.1320064780545,13237,CO4013210535120031030,Extended,50340322002198,50340322004200,-970,150,269,450,40.132,-105.351,Wildfire,OVERLAND,-150,2003/10/30 00:00:00+00,3232
-114.035012404737,42.9260061302004,13249,ID4292611403520030530,Initial,50400302002224,50400302003200,-970,65,435,760,42.926,-114.035,Unknown,OWINZA,-150,2003/05/30 00:00:00+00,15781
-106.395011700104,48.2550073588343,13266,MT4825510639520030803,Initial,50360262003199,50360262003200,-970,60,275,575,48.255,-106.395,Wildfire,PORCUPINEC,-150,2003/08/03 00:00:00+00,1383
-93.8770067840757,34.6470062279325,14106,AR3464709387720030331,Initial (SS),NULL,50250362003100,-9999,300,-99,-339,34.647,-93.877,Unknown,UNNAMED,-9999,2003/03/31 00:00:00+00,5333
-93.5030066839736,34.6460062443766,14107,AR3464609350320030331,Initial (SS),NULL,50250362003100,-9999,240,-116,-335,34.646,-93.503,Unknown,UNNAMED,-9999,2003/03/31 00:00:00+00,2458
-93.4880066818347,34.6720062503632,14108,AR3467209348820030331,Initial (SS),NULL,50250362003100,-9999,380,-63,-325,34.672,-93.488,Unknown,UNNAMED,-9999,2003/03/31 00:00:00+00,1406
-109.103010354714,33.5800053135253,14109,AZ3358010910320030727,Extended,70350372002165,50350372004200,-970,85,218,400,33.58,-109.103,Unknown,UNNAMED,-150,2003/07/27 00:00:00+00,2036
-94.1930068730927,34.7220062280308,14110,AR3472209419320030331,Initial (SS),NULL,50250362003100,-9999,390,-43,-295,34.722,-94.193,Unknown,UNNAMED,-9999,2003/03/31 00:00:00+00,1628
-93.6580067300306,34.714006250775,14111,AR3471409365820030331,Initial (SS),NULL,50250362003100,-9999,300,-84,-310,34.714,-93.658,Unknown,UNNAMED,-9999,2003/03/31 00:00:00+00,9749
-93.2120066113973,34.7230062723808,14112,AR3472309321220030331,Initial (SS),NULL,50250362003100,-9999,300,-55,-256,34.723,-93.212,Unknown,UNNAMED,-9999,2003/03/31 00:00:00+00,2125
-93.354006650091,34.7350062685097,14113,AR3473509335420030331,Initial (SS),NULL,50250362003100,-9999,260,-84,-281,34.735,-93.354,Unknown,UNNAMED,-9999,2003/03/31 00:00:00+00,1802
-93.4770066836199,34.7380062632879,14114,AR3473809347720030331,Initial (SS),NULL,50250362003100,-9999,260,-108,-327,34.738,-93.477,Unknown,UNNAMED,-9999,2003/03/31 00:00:00+00,3632
-93.8660067885559,34.7560062494637,14115,AR3475609386620030211,Initial (SS),NULL,50250362003100,-9999,380,53,-110,34.756,-93.866,Unknown,UNNAMED,-9999,2003/02/11 00:00:00+00,1213
-93.0970065830216,34.7580062840238,14116,AR3475809309720030331,Initial (SS),NULL,50250362003100,-9999,230,-81,-255,34.758,-93.097,Unknown,UNNAMED,-9999,2003/03/31 00:00:00+00,3201
-93.8510067855187,34.7690062523085,14117,AR3476909385120030211,Initial (SS),NULL,50250362003100,-9999,300,244,-70,34.769,-93.851,Unknown,UNNAMED,-9999,2003/02/11 00:00:00+00,678
-93.244006623027,34.7690062796118,14118,AR3476909324420030331,Initial (SS),NULL,50250362003100,-9999,300,-28,-205,34.769,-93.244,Unknown,UNNAMED,-9999,2003/03/31 00:00:00+00,1176
-93.0870065830928,34.7980062921947,14119,AR3479809308720030331,Initial (SS),NULL,50250362003100,-9999,270,-95,-310,34.798,-93.087,Unknown,UNNAMED,-9999,2003/03/31 00:00:00+00,3997
-94.1580068692997,34.8040062454314,14120,AR3480409415820030331,Initial (SS),NULL,50250362003100,-9999,370,-64,-320,34.804,-94.158,Unknown,UNNAMED,-9999,2003/03/31 00:00:00+00,5517
-94.2770069015995,34.8200062427201,14121,AR3482009427720030331,Initial (SS),NULL,50250362003100,-9999,360,-24,-240,34.82,-94.277,Unknown,UNNAMED,-9999,2003/03/31 00:00:00+00,1578
-93.6330067306579,34.8210062720437,14122,AR3482109363320030331,Initial (SS),NULL,50250362003100,-9999,300,-88,-316,34.821,-93.633,Unknown,UNNAMED,-9999,2003/03/31 00:00:00+00,7347
-93.6900067533385,34.9280062905157,14123,AR3492809369020030331,Initial (SS),NULL,50250362003100,-9999,290,-68,-272,34.928,-93.69,Unknown,UNNAMED,-9999,2003/03/31 00:00:00+00,1801
-93.1120065977369,34.9280063162934,14124,AR3492809311220030331,Initial (SS),NULL,50250362003100,-9999,300,-55,-255,34.928,-93.112,Unknown,UNNAMED,-9999,2003/03/31 00:00:00+00,4436
-93.4680066963503,34.975006308931,14125,AR3497509346820030331,Initial (SS),NULL,50250362003100,-9999,300,-13,-130,34.975,-93.468,Unknown,UNNAMED,-9999,2003/03/31 00:00:00+00,923
-93.5860067321607,35.0340063152939,14126,AR3503409358620030331,Initial (SS),NULL,50250362003100,-9999,300,-38,-225,35.034,-93.586,Unknown,UNNAMED,-9999,2003/03/31 00:00:00+00,2178
-94.2540069257485,35.2650063280484,14127,AR3526509425420030407,Initial (SS),NULL,50260352003100,-9999,-40,-9999,-9999,35.265,-94.254,Unknown,UNNAMED,-9999,2003/04/07 00:00:00+00,1194
-84.0980040879389,35.3380067732464,14128,TN3533808409820030414,Initial,70190352000096,70190352003100,-970,60,281,535,35.338,-84.098,Unknown,UNNAMED,-150,2003/04/14 00:00:00+00,1560
-85.0220043700729,35.5590067836518,14129,TN3555908502220030819,Initial (SS),NULL,50200352003300,-9999,500,-9999,-9999,35.559,-85.022,Unknown,UNNAMED,-9999,2003/08/19 00:00:00+00,1259
-92.3610064386071,35.5750064739751,14130,AR3557509236120030503,Initial,70240352002152,50240352003100,-970,90,9999,9999,35.575,-92.361,Unknown,UNNAMED,-150,2003/05/03 00:00:00+00,520
-92.9960066114993,35.5880064470173,14131,AR3558809299620030331,Initial (SS),NULL,50250352003100,-9999,340,-9999,-9999,35.588,-92.996,Unknown,UNNAMED,-9999,2003/03/31 00:00:00+00,1558
-85.0080043707117,35.6350067996129,14132,TN3563508500820030819,Initial (SS),NULL,50200352003200,-9999,450,-9999,-9999,35.635,-85.008,Unknown,UNNAMED,-9999,2003/08/19 00:00:00+00,633
-85.065004387104,35.6390067984288,14133,TN3563908506520030819,Initial (SS),NULL,50200352003200,-9999,450,125,-9999,35.639,-85.065,Unknown,UNNAMED,-9999,2003/08/19 00:00:00+00,828
-84.9310043508686,35.6770068117193,14134,TN3567708493120030819,Initial (SS),NULL,50200352003200,-9999,550,-9999,-9999,35.677,-84.931,Unknown,UNNAMED,-9999,2003/08/19 00:00:00+00,650
-92.2200064071827,35.6790065004477,14135,AR3567909222020030503,Initial,70240352002152,50240352003100,-970,90,450,720,35.679,-92.22,Unknown,UNNAMED,-150,2003/05/03 00:00:00+00,604
-93.9910068851323,35.683006418563,14136,AR3568309399120030331,Initial,70250352002095,50250352003100,-970,80,108,200,35.683,-93.991,Unknown,UNNAMED,-150,2003/03/31 00:00:00+00,7415
-94.4560070116252,35.7190064031666,14137,AR3571909445620030407,Initial (SS),NULL,50260352003100,-9999,100,-9999,-9999,35.719,-94.456,Unknown,UNNAMED,-9999,2003/04/07 00:00:00+00,1817
-92.9230066009702,35.7160064748869,14138,AR3571609292320030331,Initial,70250352002095,50250352003100,-970,100,143,250,35.716,-92.923,Unknown,UNNAMED,-150,2003/03/31 00:00:00+00,8286
-93.469006747637,35.7150064488974,14139,AR3571509346920030331,Initial,70250352002095,50250352003100,-970,70,110,210,35.715,-93.469,Unknown,UNNAMED,-150,2003/03/31 00:00:00+00,2373
-93.2240066869499,35.7840064733423,14140,AR3578409322420030331,Initial,70250352002095,50250352003100,-970,90,117,210,35.784,-93.224,Unknown,UNNAMED,-150,2003/03/31 00:00:00+00,3347
-93.5210067708023,35.845006471174,14141,AR3584509352120030331,Initial,70250352002095,50250352003100,-970,80,108,200,35.845,-93.521,Unknown,UNNAMED,-150,2003/03/31 00:00:00+00,1858
-85.151004426556,35.8710068424542,14142,TN3587108515120030819,Initial (SS),NULL,50200352003200,-9999,620,-9999,-9999,35.871,-85.151,Unknown,UNNAMED,-9999,2003/08/19 00:00:00+00,616
-85.285004467283,35.90000684344,14143,TN3590008528520030726,Initial (SS),NULL,50200352003200,-9999,500,100,-50,35.9,-85.285,Unknown,UNNAMED,-9999,2003/07/26 00:00:00+00,1635
-121.217012779539,35.8950049010521,14144,CA3589512121720030703,Initial (SS),NULL,50430352003200,-9999,160,-9999,-9999,35.895,-121.217,Unknown,UNNAMED,-9999,2003/07/03 00:00:00+00,1586
-121.227012783959,35.9190049023573,14145,CA3591912122720030820,Initial (SS),NULL,50430352003200,-9999,165,-9999,-9999,35.919,-121.227,Unknown,UNNAMED,-9999,2003/08/20 00:00:00+00,1205
-121.176012776148,35.926004906671,14146,CA3592612117620030703,Initial (SS),NULL,50430352003200,-9999,160,-9999,-9999,35.926,-121.176,Unknown,UNNAMED,-9999,2003/07/03 00:00:00+00,2252
-84.7530043136892,35.9260068700144,14147,TN3592608475320030819,Initial (SS),NULL,50200352003300,-9999,440,50,-90,35.926,-84.753,Unknown,UNNAMED,-9999,2003/08/19 00:00:00+00,4675
-121.151012773182,35.9360049089506,14148,CA3593612115120030524,Initial (SS),NULL,50430352003200,-9999,135,-9999,-9999,35.936,-121.151,Unknown,UNNAMED,-9999,2003/05/24 00:00:00+00,1595
-93.6980068465266,36.2250065329529,14149,AR3622509369820030331,Initial,70250352002095,50250352003100,-970,80,141,260,36.225,-93.698,Unknown,UNNAMED,-150,2003/03/31 00:00:00+00,1016
-92.1550064305529,36.2550066128477,14150,AR3625509215520030503,Initial,70240352002152,50240352003100,-970,90,368,675,36.255,-92.155,Unknown,UNNAMED,-150,2003/05/03 00:00:00+00,674
-96.1570075044468,36.3240064288895,14151,OK3632409615720030321,Initial (SS),NULL,50270352003100,-9999,-130,-9999,-9999,36.324,-96.157,Unknown,UNNAMED,-9999,2003/03/21 00:00:00+00,5231
-84.9250043881017,36.3280069452976,14152,TN3632808492520030718,Initial (SS),NULL,50200352003200,-9999,500,150,-10,36.328,-84.925,Unknown,UNNAMED,-9999,2003/07/18 00:00:00+00,1247
-96.3100075458468,36.3420064243417,15766,OK3634209631020030414,Initial (SS),NULL,50270352003100,-9999,-50,-9999,-9999,36.342,-96.31,Unknown,UNNAMED,-9999,2003/04/14 00:00:00+00,1381
-96.1470075117046,36.452006452772,15767,OK3645209614720030329,Initial (SS),NULL,50270352003100,-9999,-130,-9999,-9999,36.452,-96.147,Unknown,UNNAMED,-9999,2003/03/29 00:00:00+00,1191
-96.3580075686813,36.4780064461213,15768,OK3647809635820030329,Initial (SS),NULL,50270352003100,-9999,-125,-9999,-9999,36.478,-96.358,Unknown,UNNAMED,-9999,2003/03/29 00:00:00+00,1372
-96.5920076320518,36.5110064401553,15769,OK3651109659220030414,Initial (SS),NULL,50270352003100,-9999,-85,-9999,-9999,36.511,-96.592,Unknown,UNNAMED,-9999,2003/04/14 00:00:00+00,10533
-96.2710075489095,36.5070064558628,15770,OK3650709627120030329,Initial (SS),NULL,50270352003100,-9999,-140,-9999,-9999,36.507,-96.271,Unknown,UNNAMED,-9999,2003/03/29 00:00:00+00,2220
-96.685007658608,36.5380064398333,15771,OK3653809668520030414,Initial (SS),NULL,50270352003100,-9999,-50,-9999,-9999,36.538,-96.685,Unknown,UNNAMED,-9999,2003/04/14 00:00:00+00,1071
-93.0870067052637,36.5440066219047,15772,MO3654409308720030331,Initial (SS),NULL,50250352003100,-9999,340,-9999,-9999,36.544,-93.087,Unknown,UNNAMED,-9999,2003/03/31 00:00:00+00,1111
-96.5120076164522,36.5710064545115,15773,OK3657109651220030422,Initial (SS),NULL,70270352003100,-9999,0,-9999,-9999,36.571,-96.512,Unknown,UNNAMED,-9999,2003/04/22 00:00:00+00,4107
-96.0530075021336,36.636006490109,15774,OK3663609605320030329,Initial (SS),NULL,50270352003100,-9999,-150,-9999,-9999,36.636,-96.053,Unknown,UNNAMED,-9999,2003/03/29 00:00:00+00,1797
-96.7790076924335,36.6510064546869,15775,OK3665109677920030414,Initial (SS),NULL,50270352003100,-9999,-35,-9999,-9999,36.651,-96.779,Unknown,UNNAMED,-9999,2003/04/14 00:00:00+00,2109
-96.6160076484098,36.6340064604569,15776,OK3663409661620030329,Initial (SS),NULL,50270352003100,-9999,-175,-9999,-9999,36.634,-96.616,Unknown,UNNAMED,-9999,2003/03/29 00:00:00+00,12580
-96.0320074977019,36.6500064936819,15777,OK3665009603220030414,Initial (SS),NULL,50270352003100,-9999,-115,-9999,-9999,36.65,-96.032,Unknown,UNNAMED,-9999,2003/04/14 00:00:00+00,6355
-92.4320065370056,36.6770066788423,15778,MO3667709243220030331,Initial (SS),NULL,50250352003100,-9999,360,-9999,-9999,36.677,-92.432,Unknown,UNNAMED,-9999,2003/03/31 00:00:00+00,1416
-84.4020042586084,36.7090070438766,15779,KY3670908440220030414,Initial,70190352000096,70190352003100,-970,100,242,435,36.709,-84.402,Unknown,UNNAMED,-150,2003/04/14 00:00:00+00,627
-96.116007524412,36.7090064994335,15780,OK3670909611620030414,Initial (SS),NULL,50270352003100,-9999,-75,-9999,-9999,36.709,-96.116,Unknown,UNNAMED,-9999,2003/04/14 00:00:00+00,1261
-96.7910077015108,36.7310064686122,15781,OK3673109679120030414,Initial (SS),NULL,50270352003100,-9999,-80,-9999,-9999,36.731,-96.791,Unknown,UNNAMED,-9999,2003/04/14 00:00:00+00,4400
-96.4810076264647,36.79500649569,15782,OK3679509648120030414,Initial (SS),NULL,50270342003100,-9999,-110,-9999,-9999,36.795,-96.481,Unknown,UNNAMED,-9999,2003/04/14 00:00:00+00,7345
-96.6390076745665,36.8800065023095,15783,OK3688009663920030414,Initial (SS),NULL,50270342003100,-9999,-80,-9999,-9999,36.88,-96.639,Unknown,UNNAMED,-9999,2003/04/14 00:00:00+00,3104
-102.521009231832,37.8450063287036,15784,CO3784510252120030901,Initial,70310342001246,50310342003200,-970,125,206,350,37.845,-102.521,Unknown,UNNAMED,-150,2003/09/01 00:00:00+00,1014
-96.0660076640072,38.5020068126695,15785,KS3850209606620030414,Initial (SS),NULL,50270332003100,-9999,-70,-9999,-9999,38.502,-96.066,Unknown,UNNAMED,-9999,2003/04/14 00:00:00+00,12014
-96.4560077726191,38.5630068009194,15786,KS3856309645620030421,Initial (SS),NULL,50280332003100,-9999,-50,-9999,-9999,38.563,-96.456,Unknown,UNNAMED,-9999,2003/04/21 00:00:00+00,18747
-95.9430076385631,38.5750068318691,15787,KS3857509594320030414,Initial (SS),NULL,50270332003100,-9999,-65,-9999,-9999,38.575,-95.943,Unknown,UNNAMED,-9999,2003/04/14 00:00:00+00,4195
-95.9170076355144,38.6150068407383,15788,KS3861509591720030414,Initial (SS),NULL,50270332003100,-9999,-50,-9999,-9999,38.615,-95.917,Unknown,UNNAMED,-9999,2003/04/14 00:00:00+00,1367
-96.0180076636306,38.6350068378552,15789,KS3863509601820030414,Initial (SS),NULL,50270332003100,-9999,-50,-9999,-9999,38.635,-96.018,Unknown,UNNAMED,-9999,2003/04/14 00:00:00+00,1673
-96.0490076742793,38.6580068404416,15790,KS3865809604920030414,Initial (SS),NULL,50270332003100,-9999,-50,-9999,-9999,38.658,-96.049,Unknown,UNNAMED,-9999,2003/04/14 00:00:00+00,2109
-96.1820077113303,38.6800068363737,15791,KS3868009618220030414,Initial (SS),NULL,50270332003100,-9999,-60,-9999,-9999,38.68,-96.182,Unknown,UNNAMED,-9999,2003/04/14 00:00:00+00,2159
-96.0460076785228,38.7160068501707,15792,KS3871609604620030414,Initial (SS),NULL,50270332003100,-9999,-60,-9999,-9999,38.716,-96.046,Unknown,UNNAMED,-9999,2003/04/14 00:00:00+00,1441
-96.0580076849051,38.7490068551633,15793,KS3874909605820030414,Initial (SS),NULL,50270332003100,-9999,-60,-9999,-9999,38.749,-96.058,Unknown,UNNAMED,-9999,2003/04/14 00:00:00+00,2554
-95.9900076819761,38.9130068864244,15794,KS3891309599020030414,Initial (SS),NULL,50270332003100,-9999,-50,-9999,-9999,38.913,-95.99,Unknown,UNNAMED,-9999,2003/04/14 00:00:00+00,3240
-96.1230077199254,38.9430068839241,15795,KS3894309612320030414,Initial (SS),NULL,50270332003100,-9999,-50,-9999,-9999,38.943,-96.123,Unknown,UNNAMED,-9999,2003/04/14 00:00:00+00,1251
-96.1850077448161,39.0250068937063,15796,KS3902509618520030421,Initial (SS),NULL,50280332003100,-9999,-50,-9999,-9999,39.025,-96.185,Unknown,UNNAMED,-9999,2003/04/21 00:00:00+00,5937
-96.2390077582653,39.0210068901776,15797,KS3902109623920030421,Initial (SS),NULL,50280332003100,-9999,-50,-9999,-9999,39.021,-96.239,Unknown,UNNAMED,-9999,2003/04/21 00:00:00+00,5904
-96.4460078194028,39.0870068893285,15798,KS3908709644620030421,Initial (SS),NULL,50280332003100,-9999,-50,-9999,-9999,39.087,-96.446,Unknown,UNNAMED,-9999,2003/04/21 00:00:00+00,7625
-95.9800076946238,39.0730069139767,15799,KS3907309598020030414,Initial (SS),NULL,50270332003100,-9999,-50,-9999,-9999,39.073,-95.98,Unknown,UNNAMED,-9999,2003/04/14 00:00:00+00,4042
-96.0580077181428,39.1040069145517,15800,KS3910409605820030414,Initial (SS),NULL,50270332003100,-9999,-50,-9999,-9999,39.104,-96.058,Unknown,UNNAMED,-9999,2003/04/14 00:00:00+00,2995
-96.5780092191153,48.99300830791,15801,MN4899309657820030501,Initial (SS),NULL,70300262003100,-9999,200,-9999,-9999,48.993,-96.578,Unknown,UNNAMED,-9999,2003/05/01 00:00:00+00,11115
-81.3890030203719,29.0920054545118,16147,FL2909208138920030511,Initial (SS),NULL,70160402003100,-9999,540,-9999,-9999,29.092,-81.389,Unknown,UNNAMED,-9999,2003/05/11 00:00:00+00,2832
-94.4220066602669,29.6210051996764,16148,TX2962109442220031220,Initial,70250392003002,70250392003400,-970,10,9999,9999,29.621,-94.422,Unknown,UNNAMED,-150,2003/12/20 00:00:00+00,1065
-94.1200065831876,29.6700052195114,16149,TX2967009412020030119,Initial,50240392002048,50240392003000,-970,50,164,325,29.67,-94.12,Unknown,UNNAMED,-150,2003/01/19 00:00:00+00,5422
-92.6500061957093,29.6650052655248,16150,LA2966509265020030119,Initial,50240392002048,50240392003000,-970,100,259,465,29.665,-92.65,Unknown,UNNAMED,-150,2003/01/19 00:00:00+00,2853
-92.8730062554751,29.6890052632739,16151,LA2968909287320030204,Initial,50240392002048,50240392003000,-970,100,232,415,29.689,-92.873,Unknown,UNNAMED,-150,2003/02/04 00:00:00+00,2543
-93.9940065530038,29.7300052367035,16152,TX2973009399420030119,Extended,50240392002048,50240392003000,-970,150,377,650,29.73,-93.994,Unknown,UNNAMED,-150,2003/01/19 00:00:00+00,4280
-94.1270065873598,29.7270052316015,16153,TX2972709412720031119,Initial (SS),NULL,50240392003300,-9999,230,-9999,-9999,29.727,-94.127,Unknown,UNNAMED,-9999,2003/11/19 00:00:00+00,2984
-93.5020064260744,29.7890052647893,16154,LA2978909350220031205,Initial (SS),NULL,50240392003400,-9999,450,-9999,-9999,29.789,-93.502,Unknown,UNNAMED,-9999,2003/12/05 00:00:00+00,1607
-92.8210062448862,29.7540052787984,16155,LA2975409282120030204,Initial,50240392002048,50240392003000,-970,100,232,415,29.754,-92.821,Unknown,UNNAMED,-150,2003/02/04 00:00:00+00,886
-93.850006517738,29.7870052530871,16156,LA2978709385020031205,Initial (SS),NULL,50240392003300,-9999,300,-300,-9999,29.787,-93.85,Unknown,UNNAMED,-9999,2003/12/05 00:00:00+00,7414
-93.8360065138852,29.7870052538667,16157,LA2978709383620030204,Initial,50240392002048,50240392003000,-970,50,299,575,29.787,-93.836,Unknown,UNNAMED,-150,2003/02/04 00:00:00+00,8189
-93.5190064310737,29.8030052674714,16158,LA2980309351920031018,Initial (SS),NULL,50240392003300,-9999,400,-9999,-333,29.803,-93.519,Unknown,UNNAMED,-9999,2003/10/18 00:00:00+00,3118
-93.7440064910049,29.8130052618233,16159,LA2981309374420031205,Initial (SS),NULL,50240392003300,-9999,300,-9999,-9999,29.813,-93.744,Unknown,UNNAMED,-9999,2003/12/05 00:00:00+00,1369
-94.0200065623406,29.8040052509435,16160,TX2980409402020031119,Initial (SS),NULL,50240392003300,-9999,225,-9999,-9999,29.804,-94.02,Unknown,UNNAMED,-9999,2003/11/19 00:00:00+00,3110
-93.7910065029769,29.8120052599945,16161,LA2981209379120031119,Initial (SS),NULL,50240392003300,-9999,275,-9999,-9999,29.812,-93.791,Unknown,UNNAMED,-9999,2003/11/19 00:00:00+00,4808
-92.8370062515994,29.8140052910633,16162,LA2981409283720030204,Initial,50240392002048,50240392003000,-970,100,264,475,29.814,-92.837,Unknown,UNNAMED,-150,2003/02/04 00:00:00+00,4872
-93.727006486904,29.8220052646614,16163,LA2982209372720030103,Initial,50240392002048,50240392003000,-970,25,182,375,29.822,-93.727,Unknown,UNNAMED,-150,2003/01/03 00:00:00+00,11427
-94.0330065670091,29.8350052573147,16164,TX2983509403320030119,Extended,50240392002048,50240392003000,-970,50,286,550,29.835,-94.033,Unknown,UNNAMED,-150,2003/01/19 00:00:00+00,1194
-93.2130063518669,29.8330052832865,16165,LA2983309321320031205,Initial (SS),NULL,50240392003300,-9999,200,-9999,-9999,29.833,-93.213,Unknown,UNNAMED,-9999,2003/12/05 00:00:00+00,1348
-94.0320065669264,29.8360052573678,16166,TX2983609403220031205,Initial (SS),NULL,50240392003300,-9999,210,-9999,-9999,29.836,-94.032,Unknown,UNNAMED,-9999,2003/12/05 00:00:00+00,1320
-93.5480064370654,29.7740052603202,16167,LA2977409354820031103,Initial (SS),NULL,50240392003300,-9999,225,-9999,-9999,29.774,-93.548,Unknown,UNNAMED,-9999,2003/11/03 00:00:00+00,1096
-93.5930064497703,29.7770052594791,16168,LA2977709359320031103,Initial (SS),NULL,50240392003300,-9999,275,-9999,-9999,29.777,-93.593,Unknown,UNNAMED,-9999,2003/11/03 00:00:00+00,547
-93.1850063477545,29.9180053018982,16169,LA2991809318520031205,Initial (SS),NULL,50240392003300,-9999,275,-9999,-9999,29.918,-93.185,Unknown,UNNAMED,-9999,2003/12/05 00:00:00+00,1245
-93.7370064949176,29.9620052937339,16170,LA2996209373720030119,Initial,50240392002048,50240392003000,-970,75,241,450,29.962,-93.737,Unknown,UNNAMED,-150,2003/01/19 00:00:00+00,771
-93.6220064710334,30.1090053279817,16171,LA3010909362220030119,Initial,50240392002048,50240392003000,-970,125,252,435,30.109,-93.622,Unknown,UNNAMED,-150,2003/01/19 00:00:00+00,771
-108.969010185528,31.4030049879736,16172,NM3140310896920030821,Initial,70340382002222,50340382003200,-970,30,138,290,31.403,-108.969,Unknown,UNNAMED,-150,2003/08/21 00:00:00+00,15277
-108.033010091048,33.0520052862686,16173,NM3305210803320030704,Extended,50340372003121,50340372004100,-970,30,157,325,33.052,-108.033,Unknown,UNNAMED,-150,2003/07/04 00:00:00+00,1600
-107.835010059401,33.2070053204243,16174,NM3320710783520030618,Extended,50340372003121,50340372004100,-970,70,158,300,33.207,-107.835,Unknown,UNNAMED,-150,2003/06/18 00:00:00+00,4330
-99.3330080950043,33.2600057251794,16175,TX3326009933320030811,Initial,70280371999268,50280372003200,-970,125,450,9999,33.26,-99.333,Unknown,UNNAMED,-150,2003/08/11 00:00:00+00,2127
-107.880010075699,33.3140053341157,16176,NM3331410788020031024,Extended,50340372003121,50340372004100,-970,75,187,350,33.314,-107.88,Unknown,UNNAMED,-150,2003/10/24 00:00:00+00,1038
-108.324010179794,33.4360053309404,16177,NM3343610832420030704,Extended,50340372003121,50340372004100,-970,65,189,360,33.436,-108.324,Unknown,UNNAMED,-150,2003/07/04 00:00:00+00,13544
-107.817010066895,33.3820053481677,16178,NM3338210781720030704,Extended,50340372003121,50340372004100,-970,70,185,350,33.382,-107.817,Unknown,UNNAMED,-150,2003/07/04 00:00:00+00,6555
-93.9760067922636,34.3590061685324,16179,AR3435909397620030315,Initial (SS),NULL,50250362003100,-9999,350,-82,-340,34.359,-93.976,Unknown,UNNAMED,-9999,2003/03/15 00:00:00+00,4380
-93.9970068002886,34.4030061758337,16180,AR3440309399720030315,Initial (SS),NULL,50250362003100,-9999,280,-110,-344,34.403,-93.997,Unknown,UNNAMED,-9999,2003/03/15 00:00:00+00,3609
-93.9470067880685,34.4210061820875,16181,AR3442109394720030315,Initial,50250361999159,50250362003200,-970,90,291,533,34.421,-93.947,Unknown,UNNAMED,-150,2003/03/15 00:00:00+00,947
-93.915006782727,34.4730061932262,16182,AR3447309391520030331,Initial (SS),NULL,50250362003100,-9999,310,-108,-361,34.473,-93.915,Unknown,UNNAMED,-9999,2003/03/31 00:00:00+00,717
-93.8790067743597,34.4840061966079,16183,AR3448409387920030331,Initial (SS),NULL,50250362003100,-9999,340,-94,-355,34.484,-93.879,Unknown,UNNAMED,-9999,2003/03/31 00:00:00+00,574
-93.5630066898343,34.4830062104552,16184,AR3448309356320030331,Initial (SS),NULL,50250362003100,-9999,210,-100,-277,34.483,-93.563,Unknown,UNNAMED,-9999,2003/03/31 00:00:00+00,1667
-112.093011041279,34.5750052960732,16185,AZ3457511209320030623,Initial,70370362002259,50370362003300,-970,50,210,430,34.575,-112.093,Unknown,UNNAMED,-150,2003/06/23 00:00:00+00,7920
-93.562006699633,34.6360062399758,16186,AR3463609356220030331,Initial (SS),NULL,50250362003100,-9999,300,-14,-180,34.636,-93.562,Unknown,UNNAMED,-9999,2003/03/31 00:00:00+00,561
-74.5550014319818,39.9330080664367,16538,NJ3993307455520030317,Initial (SS),NULL,70140322003100,-9999,350,125,-9999,39.933,-74.555,Prescribed Fire,UNNAMED,-9999,2003/03/17 00:00:00+00,974
-74.6480014513515,39.7440080253022,16539,NJ3974407464820030407,Initial (SS),NULL,50140322003100,-9999,380,150,5,39.744,-74.648,Prescribed Fire,UNNAMED,-9999,2003/04/07 00:00:00+00,1094
-81.423002998031,28.054005202537,16540,FL2805408142320030512,Initial,50160412002088,70160412003100,-970,100,294,530,28.054,-81.423,Prescribed Fire,UNNAMED,-150,2003/05/12 00:00:00+00,732
-81.4160029974521,28.106005215063,16541,FL2810608141620030721,Initial (SS),NULL,70160412003200,-9999,325,-100,-250,28.106,-81.416,Prescribed Fire,UNNAMED,-9999,2003/07/21 00:00:00+00,840
-115.51001342684,46.8580063413517,19144,ID4685811551020030704,Extended,50420272003193,50420272004200,-970,110,313,560,46.858,-115.51,Wildfire,UPPER TWIN,-150,2003/07/04 00:00:00+00,1004
-121.848013444377,40.6310052622608,19235,CA4063112184820031027,Extended,50440322003191,50440322004200,-970,125,368,650,40.631,-121.848,Wildfire,WHITMORE,-150,2003/10/27 00:00:00+00,1238
-119.98801285037,38.3820052177946,19236,CA3838211998820030831,Extended,50430332003232,50430332004200,-970,100,291,525,38.382,-119.988,Wildfire,WHITT,-150,2003/08/31 00:00:00+00,1140
-118.716012241214,34.4260049040258,19295,CA3442611871620031024,Extended,70410362002111,50410362004100,-970,-150,240,9999,34.426,-118.716,Wildfire,VERDALE,-150,2003/10/24 00:00:00+00,8483
-115.382012521531,41.9940059245381,19380,NV4199411538220030728,Initial,50400312002192,50400312003200,-970,80,210,9999,41.994,-115.382,Wildfire,WILKINS,-150,2003/07/28 00:00:00+00,4927
-106.082011078635,45.4070070816946,19386,MT4540710608220030815,Extended,70360282001265,50360282004300,-970,70,307,575,45.407,-106.082,Wildfire,WILLEY,-150,2003/08/15 00:00:00+00,5504
-111.949011621359,40.4110060319769,19393,UT4041111194920030708,Initial,50380322001271,50380322003300,-970,75,203,380,40.411,-111.949,Wildfire,WILLIAMS FIRE,-150,2003/07/08 00:00:00+00,1478
-105.428009516274,32.9960054010742,19483,NM3299610542820030509,Extended,50320372002168,50320372004100,-970,30,146,305,32.996,-105.428,Wildfire,WALKER,-150,2003/05/09 00:00:00+00,3410
-91.1910062268574,37.0890068152612,19527,MO3708909119120031103,Initial (SS),NULL,50240342003300,-9999,225,-9999,-9999,37.089,-91.191,Wildfire,WINDING STAIRS,-9999,2003/11/03 00:00:00+00,544
-107.261011411503,45.7120070127511,19531,MT4571210726120030812,Initial,50360282002228,50360282003200,-970,35,175,300,45.712,-107.261,Wildfire,WINDMILL,-150,2003/08/12 00:00:00+00,3316
-85.8460053203678,44.2380083588602,19566,MI4423808584620030414,Initial,70220292002106,50220292003100,-970,80,281,520,44.238,-85.846,Wildfire,WARFIELD ROAD,-150,2003/04/14 00:00:00+00,800
-111.914012245489,44.563006478838,19595,MT4456311191420030812,Extended,50390292002217,50390292004200,-970,200,422,700,44.563,-111.914,Wildfire,WINSLOW,-150,2003/08/12 00:00:00+00,9884
-113.843012730218,45.0400063475861,19623,ID4504011384320030811,Extended,50400292002192,50400292004200,-970,200,342,550,45.04,-113.843,Wildfire,WITHINGTON,-150,2003/08/11 00:00:00+00,9305
-114.37401366167,48.9010066168802,19712,MT4890111437420030718,Extended,70420262002198,50420262004200,-970,100,364,660,48.901,-114.374,Wildfire,WEDGE CANYON,-150,2003/07/18 00:00:00+00,51987
-109.908010883924,37.7080058443576,19743,UT3770810990820030628,Extended,50360342002164,50360342003200,-970,80,270,500,37.708,-109.908,Wildfire,WOODENSHOE,-150,2003/06/28 00:00:00+00,2342
-96.1800075359934,36.650006485754,19756,OK3665009618020030329,Initial (SS),NULL,50270352003100,-9999,-150,-9999,-9999,36.65,-96.18,Unknown,WOOLAROC,-9999,2003/03/29 00:00:00+00,8859
-81.3260029118552,25.944004680753,19758,FL2594408132620030227,Initial (SS),NULL,50160422003100,-9999,480,-9999,-9999,25.944,-81.326,Prescribed Fire,WOOTEN,-9999,2003/02/27 00:00:00+00,1992
-114.784013223065,46.5810063915589,19776,ID4658111478420030809,Extended,50410282003202,50410282004200,-970,150,350,600,46.581,-114.784,Wildfire,WENDOVER,-150,2003/08/09 00:00:00+00,3320
-119.840014015821,45.83200582926,19791,OR4583211984020030619,Initial,70440282002228,50440282003200,-970,50,230,9999,45.832,-119.84,Wildfire,WEST BOUNDRY,-150,2003/06/19 00:00:00+00,1101
-112.431011632477,39.7300059174874,19809,UT3973011243120030724,Initial,50380322002258,50380322003300,-970,0,9999,9999,39.73,-112.431,Wildfire,WSA,-150,2003/07/24 00:00:00+00,4306
-108.431010799497,39.7940062158296,19874,CO3979410843120030616,Extended,50360322002164,50360322004200,-970,75,201,375,39.794,-108.431,Wildfire,YANKEE GULCH,-150,2003/06/16 00:00:00+00,1516
-108.732011728097,45.5800068678631,20016,MT4558010873220030723,Initial,70370282003198,70370282003200,-970,65,197,375,45.58,-108.732,Wildfire,WHEATHEAD,-150,2003/07/23 00:00:00+00,2286
-113.585012307333,42.8740061637554,20037,ID4287411358520030923,Initial,50400302002288,50400302003300,-970,62,309,585,42.874,-113.585,Unknown,WHISKEY LAKE 1,-150,2003/09/23 00:00:00+00,1575
-113.479012277006,42.819006167292,20038,ID4281911347920030923,Initial,50400302002288,50400302003300,-970,65,310,585,42.819,-113.479,Unknown,WHISKEY LAKE 2,-150,2003/09/23 00:00:00+00,4523
-118.478012266446,35.1800049994159,20851,CA3518011847820030721,Extended,70410362002111,50410362004100,-970,30,238,475,35.18,-118.478,Wildfire,UNNAMED,-150,2003/07/21 00:00:00+00,1320
-103.073009451758,38.71800642723,20852,CO3871810307320031010,Initial (SS),NULL,70320332003300,-9999,-170,-274,-9999,38.718,-103.073,Wildfire,UNNAMED,-9999,2003/10/10 00:00:00+00,2530
-121.300012801675,35.988004904487,20853,CA3598812130020030804,Initial,70430352002205,50430352003200,-970,90,387,710,35.988,-121.3,Wildfire,UNNAMED,-150,2003/08/04 00:00:00+00,2711
-116.65601179955,33.3240048904823,20854,CA3332411665620030612,Extended,50400372001125,50400372004100,-970,100,170,300,33.324,-116.656,Wildfire,UNNAMED,-150,2003/06/12 00:00:00+00,2714
-100.110008596746,37.3510063921581,20855,KS3735110011020030818,Initial (SS),NULL,50300342003200,-9999,-20,-9999,-9999,37.351,-100.11,Wildfire,UNNAMED,-9999,2003/08/18 00:00:00+00,1473
-96.6210077898588,38.278006743495,20856,KS3827809662120030411,Initial (SS),NULL,70280332003100,-9999,-50,-9999,-9999,38.278,-96.621,Wildfire,UNNAMED,-9999,2003/04/11 00:00:00+00,5841
-96.5730091378534,48.564008255636,20857,MN4856409657320030401,Initial (SS),NULL,70300262003100,-9999,100,-9999,-9999,48.564,-96.573,Wildfire,UNNAMED,-9999,2003/04/01 00:00:00+00,543
-100.651009260429,42.231007101653,20858,NE4223110065120031021,Initial (SS),NULL,70310312003300,-9999,-40,-300,-9999,42.231,-100.651,Wildfire,UNNAMED,-9999,2003/10/21 00:00:00+00,1048
-79.5210028694714,37.9510074878831,20859,VA3795107952120030415,Initial,70170342001116,50170342003100,-970,62,239,9999,37.951,-79.521,Wildfire,UNNAMED,-150,2003/04/15 00:00:00+00,1797
-120.76201437235,46.7580057946883,20860,WA4675812076220030710,Initial,70450272002203,50450272003200,-970,110,281,500,46.758,-120.762,Wildfire,UNNAMED,-150,2003/07/10 00:00:00+00,1156
-119.324014645085,48.9630060849137,20861,WA4896311932420030630,Initial,70440262002196,50440262003200,-970,80,313,580,48.963,-119.324,Wildfire,UNNAMED,-150,2003/06/30 00:00:00+00,1697
-117.688013977078,47.4470061626901,20862,WA4744711768820030720,Initial,50440272002220,50440272003200,-970,120,9999,9999,47.447,-117.688,Wildfire,UNNAMED,-150,2003/07/20 00:00:00+00,1124
-101.062008622481,34.7890059128089,21048,TX3479810105320030902,Initial,50300362003221,50300362003300,-970,120,420,9999,34.789,-101.062,Wildfire,UNNAMED,-150,2003/09/02 00:00:00+00,3025
-98.9950078918784,31.1550053471949,22479,TX3116409898520030726,Initial,70280382002212,70280382003200,-970,70,305,9999,31.155,-98.995,Wildfire,UNNAMED,-150,2003/07/26 00:00:00+00,4490
-98.8850077291689,28.0600047428085,22497,TX2805709888520030820,Initial (SS),NULL,70270412003200,0,290,-9999,-9999,28.06,-98.885,Wildfire,UNNAMED,0,2003/08/20 00:00:00+00,1411
